<DTYYYYMMDD>,<OPEN>,<HIGH>,<LOW>,<CLOSE>,<VOL>
20051102,200.20,200,200,200.20,6668972
20051105,208.01,210,202,206.01,1961855
20051106,208.21,216,206,209.01,2196166
20051107,210.21,212,208,209.61,1057001
20051108,210.21,211,206,209.01,577387
20051109,208.01,209,202,208.21,562709
20051112,209.81,210,206,208.21,335184
20051113,207.61,208,206,207.81,334596
20051114,206.81,207,204,207.41,262832
20051115,206.21,207,203,206.61,333769
20051116,203.60,206,203,206.21,144644
20051119,204.20,206,202,205.81,109130
20051120,202.80,206,202,205.61,78888
20051121,201.60,205,202,205.41,85659
20051122,201.40,205,201,205.01,182767
20051123,203.20,208,201,204.81,427386
20051126,208.21,215,208,208.21,771002
20051127,218.62,219,204,211.81,793351
20051129,221.22,222,210,214.21,581176
20051130,224.83,225,220,220.02,1131532
20051203,230.83,231,215,230.83,13227588
20051204,242.24,242,242,242.24,2116868
20051205,254.25,254,240,246.05,974673
20051206,258.26,258,258,258.26,2135726
20051210,271.07,271,259,270.87,2782187
20051211,284.28,284,282,284.08,2942180
20051212,298.10,298,280,295.70,6041487
20051213,296.30,306,290,298.30,2216799
20051214,296.50,296,283,293.49,826070
20051217,278.88,291,279,291.09,325653
20051218,276.68,289,277,289.29,246059
20051219,274.88,281,275,281.08,1136682
20051220,267.07,279,267,272.87,1478009
20051221,272.87,274,268,272.07,600998
20051224,280.08,285,278,279.88,1450520
20051225,288.29,288,271,280.28,712367
20051226,283.08,288,276,280.48,248893
20051227,280.88,285,272,280.28,384047
20051228,280.28,284,277,280.28,363032
20051231,280.28,280,240,280.08,548904
20060101,279.68,280,269,279.28,190383
20060102,278.08,280,273,279.08,196562
20060103,276.88,280,273,278.68,284699
20060104,278.28,278,267,278.48,95051
20060107,271.47,278,265,277.68,127855
20060108,263.86,275,264,274.88,414707
20060109,266.87,274,263,274.07,149833
20060110,265.27,272,260,272.07,333751
20060114,258.66,272,259,271.87,16647
20060115,258.46,272,258,271.67,28793
20060116,258.26,271,258,271.27,45089
20060117,257.86,268,258,267.67,574107
20060118,267.67,268,257,267.47,75743
20060121,260.26,267,254,266.67,121818
20060122,253.45,266,253,266.07,71625
20060123,252.85,266,253,265.67,37922
20060124,252.45,265,252,265.47,13111
20060125,252.25,265,252,264.87,70831
20060128,251.65,265,252,264.67,14539
20060129,251.45,262,251,261.66,465881
20060130,250.25,261,249,260.86,117583
20060131,247.85,260,248,260.46,52845
20060201,247.45,260,247,260.26,27044
20060204,247.25,260,247,259.86,32607
20060205,247.05,260,247,259.66,1492
20060206,246.85,259,247,259.46,6475
20060207,246.65,259,247,259.26,2322
20060212,246.45,259,246,259.06,3240
20060214,246.25,259,246,258.86,13748
20060215,253.85,259,254,258.66,9662
20060218,253.65,258,254,258.46,5029
20060219,253.45,258,253,258.26,2462
20060220,253.25,258,253,258.06,3541
20060221,253.05,258,253,257.86,17545
20060222,252.85,258,253,257.66,18424
20060225,252.65,257,253,257.46,29777
20060226,252.45,257,252,257.26,20640
20060227,252.25,257,252,257.06,26131
20060228,252.05,257,252,256.86,70716
20060301,251.85,257,252,256.66,2144
20060304,251.65,256,252,256.46,7043
20060305,251.45,256,251,256.26,17190
20060306,251.25,256,251,256.06,4125
20060307,251.05,256,251,255.86,23350
20060308,250.85,256,251,255.66,14700
20060312,250.65,255,251,255.46,27520
20060313,250.45,255,250,255.26,6403
20060314,250.25,255,250,255.06,28486
20060315,250.05,255,250,254.86,4725
20060318,249.85,255,250,254.66,3221
20060319,249.65,254,250,254.46,36576
20060325,249.45,254,249,254.25,10760
20060327,249.25,254,249,254.05,808
20060328,249.05,254,249,253.85,609
20060403,248.85,254,249,253.65,42770
20060404,248.65,253,249,253.45,2606
20060405,248.45,253,248,253.25,4134
20060408,248.25,253,248,253.05,1864
20060409,252.85,253,248,253.05,501
20060410,248.05,253,248,252.85,5145
20060411,247.85,253,248,252.65,5010
20060412,247.65,252,248,252.45,5899
20060415,247.45,252,247,252.25,11274
20060417,247.25,252,247,252.05,4438
20060418,247.05,252,247,251.85,9054
20060419,246.85,252,247,251.65,7271
20060422,246.65,251,247,251.45,2027
20060423,246.45,251,246,251.25,4290
20060424,246.25,251,246,251.05,1510
20060425,246.05,251,246,250.85,44110
20060426,245.85,251,246,250.65,7826
20060429,245.65,250,246,250.45,7062
20060430,245.45,250,245,250.25,5455
20060501,245.25,250,245,250.05,821
20060502,245.25,250,245,249.85,9850
20060503,245.05,250,245,249.65,8135
20060507,244.85,249,245,249.45,6295
20060508,244.65,249,245,249.25,1020
20060509,244.45,249,244,249.05,2082
20060513,244.24,249,244,248.85,8810
20060514,244.04,249,244,248.65,9264
20060515,243.84,248,244,248.45,5010
20060516,243.64,248,244,248.25,2624
20060517,243.44,248,243,248.05,13320
20060520,243.24,248,243,247.85,32351
20060522,243.04,248,243,247.65,1369
20060523,242.84,247,243,247.45,9025
20060524,242.64,247,243,247.25,4010
20060527,242.44,247,242,247.05,5926
20060529,242.24,247,242,246.85,11927
20060530,242.04,247,242,246.65,1010
20060531,241.84,246,242,246.45,1239
20060603,241.64,246,242,246.25,990
20060610,241.44,246,241,246.25,480
20060611,241.44,246,241,246.05,4131
20060612,241.24,246,241,245.85,9757
20060613,241.04,246,241,245.65,19500
20060614,240.84,245,241,245.45,9930
20060617,240.64,245,241,245.25,4807
20060618,240.44,245,240,245.05,5814
20060619,240.24,245,240,244.85,19898
20060620,240.04,245,240,244.65,15509
20060621,239.84,244,240,244.45,12410
20060624,239.64,244,240,244.24,17082
20060625,239.44,244,239,244.04,18873
20060626,239.24,244,239,243.84,70503
20060726,220.02,220,182,187.59,687763
20060729,191.19,191,184,186.39,631711
20060730,182.78,187,183,185.59,484880
20060731,185.59,186,182,185.19,197779
20060801,181.58,185,182,184.99,26446
20060802,181.38,185,181,184.79,22680
20060805,181.18,184,181,184.38,172859
20060806,180.78,184,181,184.18,21972
20060807,180.58,183,181,182.98,580373
20060809,179.38,183,179,182.58,214008
20060812,178.98,186,179,182.58,83741
20060813,186.19,186,183,182.98,239079
20060814,186.59,187,183,182.98,54484
20060815,186.59,187,183,182.98,83824
20060816,186.59,187,183,182.98,34440
20060819,186.59,187,183,182.98,98309
20060820,186.59,187,183,182.98,67416
20060821,186.59,187,183,182.98,52360
20060823,186.59,187,183,182.98,11371
20060826,186.59,187,183,182.98,89027
20060827,186.59,187,183,182.98,52345
20060828,186.59,187,183,182.98,17850
20060829,186.59,187,183,182.98,36000
20060830,186.59,187,183,182.98,16000
20060902,186.59,187,183,183.18,117213
20060903,186.79,187,183,183.18,6996
20060904,186.79,187,183,183.18,36415
20060905,186.79,187,183,183.18,2010
20060906,186.79,187,183,183.18,100044
20060910,186.79,187,183,183.18,14034
20060911,186.79,187,183,183.18,46010
20060912,186.79,187,183,183.18,30749
20060918,186.79,187,183,183.18,71300
20060919,186.79,187,183,183.18,88855
20060920,186.79,187,183,183.18,14638
20060923,186.79,187,183,183.18,7403
20060924,186.79,187,183,183.18,15323
20060925,186.79,187,183,183.18,55469
20060926,186.79,187,183,183.18,3393
20060927,186.79,187,183,183.18,58062
20060930,186.79,187,183,183.18,76258
20061001,186.79,187,183,183.18,23175
20061002,186.79,187,183,183.18,29856
20061003,186.79,187,183,183.18,5827
20061004,186.79,187,183,183.18,28161
20061007,186.79,187,183,183.18,11711
20061009,186.79,187,183,183.18,6346
20061010,186.79,187,183,183.18,25519
20061011,186.79,187,183,183.38,111390
20061014,186.99,187,183,183.38,35172
20061016,186.99,187,184,183.58,112492
20061017,187.19,187,184,183.58,10255
20061018,187.19,187,184,183.58,25769
20061021,187.19,187,184,183.58,21048
20061022,187.19,187,184,183.58,24713
20061023,187.19,187,184,183.58,33356
20061028,187.19,187,184,183.58,38658
20061029,187.19,187,184,183.58,41442
20061030,187.19,187,184,183.58,1010
20061031,187.19,187,184,183.58,3482
20061101,187.19,187,184,183.58,48330
20061104,187.19,187,184,183.58,6460
20061105,187.19,187,184,183.58,33102
20061106,187.19,187,184,183.58,11954
20061107,187.19,187,184,183.78,61904
20061108,187.39,187,184,183.78,37445
20061111,187.39,187,184,183.78,8129
20061112,187.39,187,184,183.78,1760
20061113,187.39,187,184,183.78,7145
20061115,187.39,187,184,183.78,17742
20061119,187.39,187,184,183.78,20061
20061120,187.39,187,184,183.78,35010
20061121,187.39,187,184,183.78,9632
20061122,187.39,187,184,183.78,23631
20061125,187.39,187,184,183.78,11396
20061126,187.39,187,184,183.78,1790
20061127,187.39,187,184,183.78,8409
20061128,187.39,187,184,183.78,16105
20061129,187.39,187,184,183.78,10071
20061202,187.39,187,184,183.78,18678
20061203,187.39,187,184,183.78,20874
20061204,187.39,187,184,183.78,12273
20061205,187.39,187,184,183.78,6822
20061206,187.39,187,184,183.78,15924
20061209,187.39,187,184,183.78,14227
20061210,187.39,187,184,183.78,20946
20061211,187.39,187,184,183.78,7553
20061212,187.39,187,184,183.78,3864
20061213,187.39,187,184,183.78,20345
20061216,187.39,187,184,183.78,78
20061217,187.39,187,184,183.78,6720
20061218,187.39,187,184,183.78,7433
20061219,187.39,187,184,183.78,21106
20061220,187.39,187,184,183.78,7153
20061223,187.39,187,184,183.78,578
20061224,187.39,187,184,183.78,12010
20061225,187.39,187,184,183.78,12010
20061226,187.39,187,184,183.98,65210
20061227,187.59,188,184,183.98,9235
20061230,187.59,188,184,183.98,1990
20070101,187.59,188,184,183.98,9077
20070102,187.59,188,184,183.98,16641
20070103,187.59,188,184,183.98,45033
20070106,187.59,188,184,183.98,2345
20070107,187.59,188,184,183.98,2340
20070109,187.59,188,184,183.98,10010
20070110,187.59,188,184,183.98,3010
20070113,187.59,188,184,183.98,17885
20070114,187.59,188,184,183.98,3010
20070115,187.59,188,184,183.98,29869
20070120,187.59,188,184,183.98,18020
20070827,194.19,320,188,283.68,1215776
20070828,289.29,289,278,283.88,152228
20070901,278.28,284,278,283.68,37919
20070902,278.08,284,278,283.68,12464
20070904,278.08,284,278,283.68,1380
20070905,278.08,284,278,283.68,19440
20070908,278.08,284,278,283.68,5276
20070909,278.08,284,278,283.68,9493
20070910,278.08,283,278,283.48,47909
20070912,277.88,283,278,283.48,358
20070915,277.88,283,278,283.48,1131
20070917,277.88,283,278,283.48,7178
20070918,277.88,283,278,283.48,12179
20070919,277.88,283,278,283.48,7175
20070923,277.88,283,278,283.48,734
20070924,277.88,283,278,283.48,368
20070925,277.88,283,278,283.48,3443
20070929,277.88,283,278,283.48,6464
20071008,277.88,283,278,283.48,5740
20071009,277.88,283,278,283.48,2510
20071125,190.19,200,171,188.19,493308
20071126,184.99,192,185,187.99,233547
20071127,184.38,188,184,187.79,105717
20071128,184.18,191,184,187.19,291823
20071201,190.79,191,188,187.59,153297
20071202,191.19,191,184,188.59,583308
20071203,188.19,192,185,188.39,75710
20071204,188.19,192,188,188.39,13792
20071205,191.99,192,189,188.59,85128
20071208,192.19,192,189,188.79,99234
20071209,192.39,192,189,188.99,45249
20071210,192.59,193,189,189.19,41424
20081006,182.18,196,180,180.78,752281
20081007,180.78,181,175,178.18,615080
20081008,172.97,178,173,177.98,40010
20081011,172.77,178,173,177.98,14598
20081012,172.77,178,173,177.98,3468
20081014,172.77,178,173,177.98,2580
20081015,172.77,178,173,177.58,87734
20081019,172.37,177,172,177.38,24624
20081020,172.17,177,172,177.38,11003
20081021,172.17,177,172,177.38,4050
20081101,165.97,172,146,158.96,74219
20081103,154.35,159,154,158.96,12910
20081104,154.35,159,154,158.96,16606
20081105,154.35,159,154,158.76,27946
20081108,154.15,159,154,158.56,33084
20081110,153.95,159,154,158.56,2579
20081111,153.95,159,154,158.56,2010
20081208,150.15,150,122,123.72,74500
20081210,120.12,120,120,123.72,10000
20081213,120.12,120,120,123.52,99453
20081214,119.92,120,120,123.12,144040
20081215,119.52,120,120,122.92,49031
20081216,119.32,119,119,122.92,1000
20081220,119.32,119,119,122.92,25038
20081221,119.32,119,119,122.72,75000
20081222,119.12,119,119,122.52,103619
20090127,115.52,119,116,118.12,26098
20090128,114.71,115,115,117.92,82922
20090131,114.51,115,115,117.92,8696
20090201,114.51,115,115,117.92,1739
20090209,114.51,115,115,117.92,17392
20090215,114.51,115,115,117.92,830
20090316,114.51,115,115,117.92,10000
20090318,114.51,115,115,117.92,2582
20090330,114.51,115,115,117.92,6850
20090404,114.51,115,115,117.92,1000
20090408,114.51,115,115,117.92,1000
20090413,114.51,115,115,117.92,2713
20090418,114.51,115,115,117.92,200
20090421,114.51,121,115,115.72,1996091
20090422,119.12,119,119,115.72,11600
20090425,119.12,119,119,115.72,10000
20090426,119.12,119,119,115.72,1231
20090427,119.12,119,119,115.72,22600
20090429,119.12,119,119,115.72,12550
20090504,119.12,119,119,115.72,20000
20090505,119.12,119,119,115.72,1620
20090509,119.12,119,119,119.12,10
20090510,122.52,123,123,122.52,903
20090511,126.13,126,126,122.52,167
20090512,126.13,126,126,126.13,10
20090513,129.73,130,130,129.73,10
20090516,133.53,134,134,133.53,10
20090517,137.54,138,138,137.54,10
20090518,141.54,142,142,141.54,50
20090519,145.75,146,146,141.74,70000
20090520,145.95,146,146,145.95,150237
20090523,180.18,256,176,232.63,1557707
20090524,239.44,239,239,233.83,223555
20090525,240.84,241,241,236.44,480043
20090526,243.44,243,243,236.84,87628
20090527,243.84,244,244,237.24,78719
20090530,244.24,244,244,237.64,81483
20090531,244.65,245,244,242.24,822127
20090601,244.65,249,238,243.84,546317
20090602,250.85,251,250,244.45,120534
20090603,251.65,252,252,244.65,36448
20090606,251.85,252,237,251.65,1294664
20090607,259.06,259,259,252.25,103362
20090608,259.66,260,260,253.25,181216
20090609,253.25,261,253,253.45,64081
20090610,260.86,261,261,258.66,889004
20090613,266.27,266,252,259.46,301013
20090614,259.26,260,252,257.66,513162
20090615,250.05,265,250,256.86,436323
20090616,252.65,264,251,257.26,251624
20090617,260.06,265,260,257.86,184255
20100620,319.12,319,308,309.53,1230003
20100621,298.70,299,299,309.04,62365
20100622,298.46,298,298,305.10,475000
20100623,294.52,295,295,304.36,77492
20100627,293.78,294,294,303.87,60000
20100629,291.81,292,292,303.87,50
20100630,291.81,292,292,303.87,824
20100703,291.81,292,292,303.87,5000
20100707,291.81,292,292,302.64,140000
20100712,290.58,291,291,302.64,590
20100713,290.58,291,291,302.64,5882
20100724,290.58,315,291,302.39,3746380
20100725,313.96,314,313,309.53,756943
20100726,321.83,322,320,321.58,1297495
20100728,334.38,334,309,320.85,290982
20100731,309.04,312,308,313.71,719830
20100801,302.64,304,301,310.76,314985
20100802,300.18,312,300,310.27,231668
20100803,304.12,310,304,309.77,128130
20100804,303.13,311,297,301.41,1021029
20100807,305.10,308,301,302.15,273410
20100808,302.64,312,291,301.66,120499
20100809,297.47,297,290,296.98,549654
20100810,286.40,297,285,290.09,890307
20100811,294.77,295,291,290.34,117743
20100814,294.77,299,291,290.58,30614
20100815,290.34,290,287,290.34,59903
20100816,287.14,288,287,290.09,54260
20100817,286.40,294,285,289.11,283499
20100818,280.74,294,281,289.11,48716
20100821,285.66,286,284,288.86,92660
20100822,290.34,295,289,289.84,218492
20100823,290.58,301,291,291.81,286000
20100824,296.98,303,290,293.78,214512
20100825,297.72,305,298,295.50,189045
20100828,307.31,307,307,295.50,4306
20100829,307.31,307,307,295.75,35444
20100830,307.56,308,308,296.49,69735
20100831,308.30,308,308,297.72,120441
20100904,309.53,310,310,298.46,74952
20100905,310.27,310,310,299.19,71417
20100906,311.00,311,311,301.66,268443
20100907,313.71,314,314,307.56,631631
20100908,319.86,320,317,319.86,3672875
20100912,332.66,333,333,320.35,42707
20100913,333.15,333,333,320.35,7626
20100914,333.15,333,333,320.60,30273
20100915,333.40,333,333,321.34,79068
20100918,334.13,334,334,321.58,35393
20100919,334.38,334,334,321.83,21700
20100920,334.63,335,335,322.08,26853
20100921,334.87,335,335,322.32,26176
20100922,335.12,335,335,323.06,66717
20100925,335.86,336,336,323.31,21410
20100926,336.10,336,336,336.10,9560
20100927,349.39,349,349,349.39,89218
20100928,363.17,363,363,363.17,1
20100929,377.68,378,378,377.68,585
20101002,392.69,393,393,392.69,1536
20101003,408.19,408,408,392.94,16338
20101005,408.44,408,408,408.44,14347
20101006,424.68,425,425,424.68,3
20101009,441.66,442,442,441.66,17532
20101010,459.13,459,459,459.13,5108464
20101011,477.33,477,477,472.90,967879
20101012,491.60,492,455,487.18,3796230
20101013,467.74,468,468,467.74,1275000
20101016,449.04,467,449,455.19,1020430
20101024,433.54,436,416,425.42,220180
20101025,408.44,423,408,423.20,232002
20101026,423.20,440,423,426.40,244942
20101027,443.38,443,443,427.14,47200
20101030,444.12,444,444,427.14,6325
20101031,444.12,444,444,427.39,22935
20101101,444.36,444,444,427.63,17006
20101102,444.61,445,445,428.86,100198
20101103,445.84,446,446,429.35,30569
20101106,446.33,446,446,429.35,3853
20101107,446.33,446,446,429.60,14104
20101108,446.58,447,447,430.09,29435
20101109,447.07,447,447,447.07,30086
20101110,464.78,465,465,464.78,46998
20101113,483.24,483,483,483.24,1504483
20101114,502.43,502,502,502.43,2606934
20101115,521.38,521,503,508.34,691991
20101116,488.16,502,488,499.23,586699
20101120,480.04,480,479,492.83,410271
20101121,473.15,480,473,490.37,173834
20101122,485.70,486,471,484.22,420999
20101123,465.03,467,465,474.87,620465
20101124,455.93,470,456,471.67,237477
20101127,469.95,490,470,471.92,65610
20101128,490.62,491,490,488.16,1112308
20101129,506.86,507,469,486.68,319909
20101130,467.25,472,467,485.70,68576
20101201,468.23,484,467,481.52,285000
20101204,469.95,500,470,488.65,779938
20101205,484.71,485,472,487.18,138439
20101206,484.71,485,470,486.93,10884
20101207,484.71,485,480,486.68,33635
20101208,481.52,504,482,492.34,816634
20101211,504.15,512,504,512.03,2948203
20101212,530.48,530,503,513.50,223509
20101213,511.04,514,503,512.52,827340
20101214,511.78,529,512,514.49,284588
20101218,513.01,515,494,514.24,531322
20101219,494.56,497,494,513.01,83177
20101220,504.40,504,493,511.53,104974
20101221,491.11,494,491,511.04,41371
20101222,504.40,527,504,511.53,116979
20101225,495.54,522,495,511.53,60743
20101227,508.09,520,491,509.81,249138
20101228,510.06,510,494,509.57,25569
20101229,509.57,510,510,509.57,1911
20110101,509.32,509,494,509.32,13914
20110102,495.79,503,492,506.37,262460
20110103,502.68,503,492,505.88,36900
20110104,492.10,526,492,515.22,1095740
20110105,495.54,536,496,519.65,352216
20110108,540.32,540,540,521.38,112302
20110109,542.04,542,542,522.11,39075
20110110,542.78,543,543,522.36,11740
20110111,543.03,543,543,522.36,5492
20110112,543.03,543,543,523.34,53293
20110115,565.17,588,565,587.56,501657
20110116,610.94,611,611,588.06,22947
20110117,611.43,611,611,589.04,54595
20110118,612.41,612,612,591.25,119183
20110119,614.87,615,615,591.25,3643
20110126,817.62,824,785,798.43,749093
20110129,829.18,829,767,797.93,175257
20110130,766.19,766,766,796.95,35408
20110131,765.21,768,765,774.31,910810
20110201,750.45,805,750,783.66,636792
20110205,774.56,800,756,782.68,105060
20110206,775.05,785,751,780.22,224638
20110207,753.89,776,754,778.99,68572
20110208,777.27,777,748,777.51,130995
20110209,750.45,751,747,768.65,366341
20110212,738.14,760,738,757.83,474034
20110213,754.14,754,728,754.38,220051
20110326,743.80,744,714,714.52,666681
20110327,722.15,743,686,708.62,734142
20110328,713.54,714,680,701.24,386000
20110329,683.77,691,673,694.59,312875
20110330,667.28,667,667,681.06,624902
20110403,654.98,708,655,681.06,119072
20110404,708.13,708,708,683.28,101465
20110405,710.59,711,711,683.52,16412
20110406,710.83,711,711,690.66,336000
20110409,718.21,718,718,691.40,37003
20110410,718.95,719,719,692.13,36000
20110411,747.49,777,747,777.27,115273
20110412,808.27,808,808,779.73,101098
20110413,810.73,811,811,779.97,9776
20110416,810.97,811,811,780.46,19593
20110417,842.71,876,843,871.01,645502
20110418,905.46,906,857,898.32,1556406
20110419,934.24,934,925,917.27,713408
20110420,923.91,935,881,911.36,451742
20110423,912.84,913,875,901.77,374747
20110424,865.84,866,866,897.34,159150
20110425,861.66,862,862,897.34,3300
20110427,861.66,862,862,896.35,33836
20110502,860.68,932,861,881.10,881351
20110503,845.91,861,846,879.13,74701
20110504,844.19,844,844,878.39,22515
20110508,843.45,844,843,877.90,21450
20110509,842.96,913,843,884.54,856670
20110510,919.73,920,849,884.30,51490
20110511,849.11,849,849,882.57,60677
20110514,847.39,847,847,882.33,7435
20110515,847.14,847,847,882.33,1570
20110517,847.14,847,847,881.59,22965
20110518,846.41,917,846,881.34,793473
20110521,846.16,846,846,881.10,10120
20110524,845.91,846,846,881.10,1
20110525,845.91,846,846,880.85,10001
20110529,845.67,846,846,880.85,1
20110530,845.67,846,846,880.85,275
20110531,845.67,846,846,880.85,101
20110601,845.67,846,846,880.85,2000
20110606,845.67,846,846,880.85,145
20110607,810.48,810,778,778.25,18105
20110608,747.25,777,747,774.31,167943
20110611,774.56,780,744,773.08,203024
20110612,742.33,743,742,771.11,86106
20110613,740.36,740,740,769.15,80010
20110614,738.39,738,738,769.15,1100
20110615,738.39,738,738,767.92,50000
20110618,738.39,738,737,767.92,1250
20110619,737.41,737,737,767.92,1000
20110621,737.41,737,737,763.24,191302
20110629,734.67,735,733,762.43,33441
20110702,731.98,732,732,762.16,16000
20110703,731.71,733,732,760.82,52584
20110704,730.63,791,731,778.60,833105
20110705,809.60,810,810,784.80,254599
20110706,816.06,816,810,790.46,235811
20110709,811.21,811,811,790.46,4920
20110711,759.47,759,759,789.92,20195
20110712,758.39,763,758,789.11,27953
20110713,758.12,759,758,788.57,25173
20110716,760.55,761,761,788.31,13317
20110719,765.40,765,757,786.96,65848
20110720,756.77,757,756,786.42,18487
20110723,755.16,755,755,785.88,22264
20110724,754.62,817,755,784.26,397591
20110726,808.52,809,757,784.26,6632
20110727,805.82,808,806,785.07,43981
20110730,769.17,816,761,792.62,392560
20110731,816.60,824,769,793.43,57046
20110801,792.35,795,762,792.89,73710
20110802,762.43,762,761,790.19,107589
20110803,761.09,820,761,791.27,55163
20110806,761.35,761,760,789.65,68701
20110807,808.25,813,758,789.65,103905
20110808,807.71,813,808,791.00,82964
20110810,760.82,761,761,790.73,6000
20110813,761.62,816,762,794.23,207565
20110814,794.23,794,794,794.23,7426
20110815,768.63,769,769,793.97,18504
20110816,765.67,766,765,793.16,32641
20110817,768.09,782,763,792.89,14765
20110820,781.57,808,763,793.97,156833
20110821,763.24,765,763,793.43,23751
20110824,762.70,804,763,792.89,165215
20110828,768.09,768,761,791.27,63102
20110829,762.70,763,760,790.73,22890
20110830,761.35,761,759,789.92,34929
20110903,759.20,765,758,789.65,8745
20110904,760.01,782,758,788.57,45281
20110905,759.20,782,759,788.31,34131
20110906,788.04,795,782,788.31,52716
20110907,786.96,787,787,788.31,10
20110910,779.95,780,758,787.50,45382
20110911,762.70,768,757,786.15,57962
20110912,776.18,776,761,785.61,38080
20110913,768.09,768,757,785.07,20897
20110914,760.01,761,754,784.26,41194
20110917,754.62,755,753,783.99,13651
20110918,752.73,760,753,783.18,28031
20110919,752.73,753,752,782.38,32149
20110920,765.40,768,765,782.11,30400
20110921,750.84,768,751,781.84,19403
20110925,760.01,762,751,781.57,7520
20110926,754.62,755,750,781.30,6775
20110927,754.62,755,750,781.03,17189
20110928,750.04,812,750,784.80,194417
20111001,810.94,811,806,784.80,7000
20111002,757.31,768,755,783.45,75178
20111003,752.46,782,752,781.57,105478
20111004,768.09,782,755,781.30,52960
20111005,754.62,782,755,780.76,43482
20111008,760.01,792,760,780.76,1375
20111009,760.55,761,755,779.41,72596
20111010,776.18,776,776,779.41,1033
20111012,751.92,755,748,777.79,68321
20111015,749.23,765,749,777.26,28381
20111016,746.26,746,746,776.99,13800
20111018,745.99,746,746,776.72,15883
20111019,745.72,746,746,776.72,1000
20111022,745.72,755,746,769.71,286851
20111108,738.99,739,739,769.71,162
20111109,738.99,761,739,768.90,57967
20111114,738.18,738,738,766.48,101310
20111116,773.48,773,765,766.48,1050
20111119,736.02,736,736,766.48,105
20111121,736.02,736,736,766.48,3640
20111122,736.02,736,736,766.48,749
20111123,736.02,736,736,766.48,10
20111126,736.02,766,736,763.51,202975
20111127,766.74,767,755,763.51,26202
20111128,763.51,764,762,763.51,112612
20111129,762.70,763,763,763.51,52032
20111130,766.21,766,764,763.51,43683
20111203,768.09,768,764,763.51,2200
20111204,763.51,767,763,763.51,248925
20111207,766.74,767,764,763.51,104895
20111210,763.51,764,764,763.51,21008
20111211,762.70,763,755,763.24,145164
20111212,754.62,755,755,763.24,300
20111213,762.70,768,763,763.24,143730
20111214,762.70,763,755,763.24,187715
20111217,757.31,780,757,763.24,14685
20111218,763.24,775,763,763.24,18011
20111219,754.89,755,755,762.97,46570
20111220,741.14,741,733,762.70,14131
20111221,732.25,732,732,762.43,12321
20111224,731.98,733,732,760.82,69569
20111225,730.63,731,731,760.82,685
20111226,730.63,731,731,760.82,5669
20111231,730.63,731,731,760.55,15254
20120101,730.36,731,730,759.74,38504
20120103,729.55,769,730,756.23,334446
20120104,766.48,766,728,755.43,33650
20120107,730.36,747,725,753.54,84654
20120108,723.62,724,724,753.00,22794
20120109,723.35,752,723,750.31,119980
20120110,728.21,779,728,753.27,261021
20120111,730.36,783,730,758.12,262425
20120115,788.31,788,788,788.31,1278577
20120116,819.84,820,820,806.90,755279
20120117,838.97,839,804,837.36,3599599
20120118,803.94,867,804,835.74,394994
20120121,853.80,861,822,837.09,243149
20120123,835.20,835,804,835.20,74064
20120125,802.05,821,802,831.43,150981
20120128,830.08,831,798,821.72,418974
20120129,789.11,790,789,818.49,122800
20120130,785.88,786,786,805.55,502000
20120131,773.48,773,773,800.70,197397
20120201,773.48,780,769,798.01,107100
20120204,766.21,795,766,796.12,98739
20120205,806.63,807,765,783.72,1076134
20120206,781.57,782,782,781.57,1804109
20120207,750.57,789,751,781.57,6111
20120208,750.84,781,750,781.03,17054
20120212,781.57,782,750,780.76,9373
20120213,750.31,751,750,780.22,24447
20120214,749.23,773,749,779.95,16001
20120215,748.96,770,749,779.14,32628
20120218,748.15,779,748,777.26,109174
20120219,768.09,780,747,776.99,50233
20120220,746.80,773,747,775.64,60496
20120221,746.53,775,747,775.37,12214
20120222,749.23,749,749,775.37,4500
20120225,746.80,768,747,775.10,10698
20120226,775.10,775,775,775.10,20262
20120227,794.50,806,795,789.92,620296
20120228,808.52,809,782,790.46,49351
20120229,782.11,808,782,790.46,14475
20120303,781.57,809,782,790.46,7505
20120304,808.25,808,792,790.46,2
20120305,790.73,808,790,790.46,46154
20120306,808.52,809,790,790.46,9957
20120307,790.46,790,790,790.46,91823
20120310,807.98,808,790,790.73,16366
20120311,807.98,809,763,790.73,716075
20120312,790.73,809,791,791.00,29587
20120313,795.04,806,791,791.00,56760
20120314,807.98,808,791,791.27,33354
20120317,822.80,823,822,799.62,335614
20120318,831.43,831,831,800.43,37584
20120324,832.23,832,832,800.70,10000
20120325,832.50,833,833,801.51,34807
20120326,833.31,833,833,801.51,1000
20120327,833.31,833,833,801.51,2290
20120328,833.31,833,833,833.31,61
20120402,866.46,866,866,833.58,8228
20120403,900.15,936,900,928.72,58484
20120404,965.64,966,966,929.26,18298
20120407,1003.37,1043,1003,1036.79,56989
20120408,1078.02,1078,1078,1038.68,59642
20120409,1080.18,1080,1080,1039.22,17548
20120410,1080.72,1081,1081,1040.02,26439
20120411,1081.53,1082,1082,1042.99,88150
20120414,1084.49,1084,1084,1043.26,5560
20120415,1084.76,1085,1085,1043.80,13685
20120416,1085.30,1085,1002,1081.26,3562513
20120417,1124.38,1124,1093,1118.45,1104906
20120418,1163.19,1163,1163,1133.00,418384
20120421,1178.28,1178,1178,1134.35,40661
20120422,1179.63,1180,1180,1136.24,50124
20120423,1181.51,1182,1182,1137.05,20731
20120424,1182.32,1182,1182,1137.05,2807
20120428,1182.32,1182,1182,1137.85,21800
20120429,1183.13,1183,1183,1138.93,30035
20120430,1184.48,1184,1184,1138.93,60
20120501,1184.48,1184,1184,1139.74,22872
20120502,1185.29,1185,1185,1141.36,48131
20120505,1186.91,1187,1187,1145.67,118673
20120506,1191.49,1191,1191,1148.10,70667
20120507,1193.91,1194,1194,1148.37,7399
20120508,1194.18,1194,1194,1151.33,83728
20120509,1197.15,1197,1197,1151.60,4500
20120512,1196.88,1197,1185,1181.51,838165
20120513,1210.08,1229,1134,1202.54,1244113
20120514,1247.81,1251,1192,1218.71,445174
20120515,1263.98,1267,1226,1227.60,384739
20120516,1276.65,1277,1186,1242.69,907834
20120528,1203.59,1292,1204,1247.81,136429
20120529,1263.45,1293,1263,1250.81,135716
20120530,1203.59,1263,1204,1250.21,20251
20120602,1263.45,1263,1200,1246.90,87009
20120605,1197.27,1203,1197,1245.70,34292
20120606,1196.07,1196,1196,1245.70,1600
20120610,1196.07,1196,1196,1196.07,2923185
20120611,1167.19,1197,1167,1195.76,239898
20120612,1149.74,1191,1150,1195.46,19160
20120613,1195.46,1195,1195,1195.46,1844
20120616,1158.16,1195,1158,1195.16,78647
20120617,1147.63,1148,1148,1194.86,4922
20120619,1147.33,1203,1147,1195.16,67149
20120623,1158.16,1158,1148,1190.05,136065
20120624,1142.52,1143,1143,1189.15,25174
20120625,1141.62,1142,1142,1188.85,9682
20120626,1141.62,1142,1141,1185.24,100020
20120627,1138.01,1138,1138,1185.24,111
20120630,1138.01,1138,1138,1176.51,237312
20120701,1131.09,1131,1130,1176.21,9987
20120702,1129.28,1202,1129,1169.59,221417
20120703,1134.10,1143,1125,1168.69,35837
20120704,1122.06,1128,1122,1168.09,16430
20120707,1121.46,1121,1121,1168.09,22
20120708,1121.46,1121,1121,1168.09,500
20120709,1121.46,1121,1121,1165.98,59557
20120710,1119.36,1154,1119,1164.18,58402
20120711,1154.85,1211,1136,1165.98,107412
20120714,1212.31,1212,1203,1168.99,91230
20120715,1215.02,1216,1132,1170.80,79050
20120716,1165.08,1165,1124,1170.19,20640
20120717,1123.87,1124,1124,1170.19,1000
20120718,1214.42,1214,1124,1170.19,4442
20120721,1123.57,1124,1124,1169.59,19508
20120722,1128.98,1147,1129,1168.99,20419
20120723,1144.02,1144,1144,1168.99,6179
20120724,1126.58,1187,1126,1168.99,19635
20120725,1146.13,1146,1128,1168.99,2200
20120728,1123.57,1128,1122,1168.39,13300
20120729,1143.12,1158,1122,1165.98,116450
20120730,1119.36,1119,1119,1164.18,50770
20120731,1117.85,1126,1118,1159.06,145794
20120801,1112.74,1113,1113,1158.46,19089
20120804,1112.14,1112,1112,1145.53,354000
20120805,1099.80,1100,1100,1132.59,361620
20120806,1087.47,1087,1087,1104.62,793702
20120807,1060.70,1061,1061,1103.11,44981
20120808,1059.19,1059,1059,1102.51,13747
20120811,1082.96,1083,1068,1102.21,18729
20120813,1058.29,1058,1058,1102.21,700
20120814,1058.29,1058,1058,1101.61,13471
20120815,1057.69,1058,1058,1101.01,17815
20120818,1057.09,1057,1057,1100.71,5406
20120825,1056.79,1082,1057,1100.40,8466
20120826,1082.36,1082,1082,1100.40,8
20120827,1058.89,1059,1059,1100.40,3941
20120902,1056.48,1056,1056,1100.40,500
20120903,1056.48,1143,1056,1098.30,183237
20120904,1098.00,1117,1060,1098.60,129646
20120905,1106.72,1143,1083,1105.82,226149
20120908,1140.11,1150,1140,1113.04,208693
20120909,1157.56,1158,1071,1112.44,65268
20120910,1156.36,1157,1156,1120.56,233037
20120911,1165.38,1165,1164,1128.08,213500
20120915,1173.20,1173,1173,1128.98,24983
20120916,1174.11,1174,1174,1134.70,159087
20120917,1179.82,1180,1180,1145.23,296699
20120918,1190.95,1191,1191,1155.45,287136
20120919,1201.48,1201,1201,1156.06,15541
20120922,1202.08,1202,1202,1157.26,35706
20120923,1203.29,1203,1203,1186.14,798472
20120924,1233.37,1233,1218,1200.58,442257
20120925,1233.37,1244,1162,1207.50,718221
20120926,1203.29,1239,1203,1210.50,187186
20120929,1256.23,1256,1218,1221.64,399256
20120930,1248.41,1266,1248,1227.65,240350
20121001,1257.43,1260,1203,1227.65,25371
20121002,1198.17,1203,1185,1227.05,33632
20121003,1179.52,1260,1180,1226.75,67442
20121006,1204.49,1204,1180,1225.55,29477
20121007,1179.22,1188,1177,1224.34,37953
20121008,1175.61,1217,1176,1201.78,254098385
20121009,1218.33,1229,1202,1201.78,50306978
20121010,1203.59,1233,1204,1201.78,11887
20121013,1203.29,1203,1163,1201.78,6000
20121014,1203.29,1221,1203,1201.78,12500
20121015,1203.29,1250,1203,1211.41,273263
20121016,1259.84,1260,1260,1213.51,55886
20121017,1261.95,1262,1262,1214.11,15550
20121020,1262.55,1263,1263,1214.42,7500
20121021,1262.85,1263,1263,1214.72,9106
20121110,1684.60,1744,1685,1709.27,1049867
20121111,1738.75,1739,1641,1695.73,296765
20121112,1713.78,1714,1640,1689.11,217730
20121113,1624.44,1726,1624,1685.80,409293
20121114,1683.10,1684,1639,1682.79,162239
20121117,1681.59,1682,1616,1674.37,166915
20121118,1607.59,1618,1608,1671.66,56152
20121119,1605.18,1636,1605,1670.46,23035
20121120,1603.68,1610,1604,1667.15,65474
20121121,1640.98,1641,1601,1660.83,153878
20121126,1639.18,1727,1595,1668.96,611259
20121127,1684.60,1735,1685,1693.02,473611
20121128,1760.71,1761,1761,1699.34,118550
20121201,1767.02,1767,1767,1700.24,16126
20121202,1768.23,1768,1768,1706.26,110103
20121203,1774.24,1774,1774,1707.76,28884
20121204,1776.05,1776,1776,1708.06,6590
20121205,1776.35,1776,1776,1708.06,100
20121208,1776.35,1776,1776,1708.67,10240
20121209,1776.95,1777,1777,1709.27,13134
20121210,1777.55,1778,1778,1777.55,3139656
20121211,1848.55,1849,1844,1848.55,4289701
20121212,1909.31,1910,1820,1862.38,3744440
20121215,1865.09,1865,1788,1842.83,374332
20121216,1775.15,1829,1775,1822.68,681956
20121217,1835.01,1865,1778,1823.28,560906
20121218,1894.57,1896,1843,1875.62,1103763
20121219,1950.53,1951,1920,1949.92,8393195
20121222,2009.49,2028,1955,2026.63,21451690
20121223,2107.55,2108,2108,2107.55,18608209
20121224,2191.78,2192,2192,2173.73,1001170
20121225,2260.67,2261,2261,2260.67,10461125
20121226,2350.92,2351,2351,2350.92,10017915
20130123,2966.10,2966,2848,2891.80,30970573
20130126,2905.93,2948,2783,2862.01,10723219
20130127,2748.00,2748,2748,2747.70,5390708
20130128,2642.41,2768,2638,2692.35,4796885
20130130,2707.69,2708,2585,2611.43,4618772
20130202,2618.35,2677,2543,2620.45,1229538
20130203,2625.87,2647,2543,2612.63,606915
20130204,2526.90,2554,2512,2528.70,1153900
20130205,2526.90,2630,2527,2554.27,358150
20130206,2656.25,2656,2656,2656.25,1276000
20130209,2762.44,2762,2743,2762.14,12583081
20130211,2755.22,2843,2712,2801.25,2186171
20130212,2800.04,2800,2710,2753.42,2275346
20130213,2746.50,2768,2647,2705.89,1275069
20130216,2671.29,2767,2647,2727.55,792160
20130217,2728.45,2797,2619,2693.25,748095
20130218,2707.39,2707,2602,2641.21,1089974
20130219,2706.79,2707,2557,2590.97,2003153
20130220,2556.98,2677,2512,2615.04,830682
20130223,2641.21,2641,2527,2590.67,500091
20130224,2491.10,2491,2487,2490.50,1236034
20130225,2390.93,2407,2391,2390.93,1653189
20130226,2296.77,2464,2296,2343.70,1432403
20130227,2433.64,2437,2407,2426.42,1175515
20130302,2433.64,2437,2330,2378.29,660910
20130303,2382.20,2382,2283,2335.58,591832
20130304,2283.23,2283,2242,2297.37,555730
20130305,2211.04,2211,2206,2276.01,295416
20130306,2186.07,2297,2186,2247.74,1059975
20130309,2291.36,2291,2197,2242.92,124653
20130310,2196.30,2277,2154,2245.63,221524
20130311,2214.35,2332,2214,2279.62,629062
20130312,2257.66,2371,2258,2291.96,214447
20130313,2383.41,2383,2383,2346.71,763854
20130316,2421.61,2437,2301,2358.14,430767
20130317,2268.19,2376,2264,2354.23,88486
20130318,2405.07,2448,2260,2383.11,653265
20130325,2478.17,2478,2478,2478.17,1563084
20130326,2576.84,2577,2542,2571.12,2009242
20130327,2607.52,2634,2545,2571.12,707721
20130330,2528.10,2563,2497,2553.67,445714
20130331,2526.90,2599,2527,2559.99,300566
20130403,2578.04,2578,2475,2553.97,331687
20130406,2484.78,2527,2485,2545.25,178553
20130407,2496.82,2557,2497,2543.74,239719
20130408,2535.92,2617,2524,2552.17,708433
20130409,2617.15,2654,2617,2652.64,2183809
20130410,2692.35,2759,2632,2732.96,2840318
20130413,2755.52,2756,2649,2719.73,568859
20130415,2755.22,2828,2684,2753.42,590515
20130416,2737.47,2809,2681,2733.86,2068563
20130417,2755.52,2756,2625,2638.20,1136790
20130420,2534.72,2587,2533,2608.72,400628
20130421,2504.64,2505,2505,2600.90,94924
20130422,2497.12,2596,2497,2529.91,1363462
20130423,2514.87,2572,2429,2460.12,2431020
20130424,2498.32,2557,2498,2540.14,2841008
20130427,2556.98,2641,2439,2521.18,3123227
20130428,2517.87,2518,2425,2442.37,1704905
20130429,2469.74,2540,2470,2528.70,5538574
20130430,2621.66,2622,2572,2602.41,2689938
20130501,2621.66,2683,2587,2635.80,3014882
20130504,2670.99,2671,2531,2543.14,2059517
20130505,2556.98,2557,2446,2500.43,938818
20130506,2517.87,2566,2497,2513.06,661533
20130507,2550.96,2551,2437,2504.64,252321
20130508,2466.73,2497,2422,2482.68,573271
20130511,2482.08,2554,2482,2521.78,930797
20130512,2593.08,2593,2482,2516.07,802500
20130513,2549.16,2549,2416,2460.72,833079
20130514,2362.35,2387,2362,2411.38,692028
20130515,2337.68,2482,2338,2406.57,762024
20130518,2406.57,2407,2322,2392.43,334031
20130519,2300.08,2473,2300,2416.80,574677
20130520,2320.23,2466,2320,2392.13,763693
20130521,2460.42,2460,2376,2392.73,115934
20130522,2376.49,2419,2301,2391.83,20414432
20130525,2463.73,2464,2407,2426.12,940725
20130526,2457.71,2467,2434,2440.56,675161
20130527,2466.43,2466,2408,2434.55,287362
20130528,2406.57,2440,2364,2433.34,262109
20130529,2436.65,2482,2412,2447.18,621135
20130601,2472.45,2472,2349,2418.30,827841
20130602,2406.57,2464,2407,2427.33,391905
20130603,2427.63,2457,2422,2429.43,176373
20130608,2429.43,2451,2404,2430.03,335531
20130609,2406.57,2435,2376,2427.03,108724
20130610,2370.47,2421,2333,2396.34,1843084
20130617,2416.42,2483,2353,2382.96,8445312
20130618,2478.13,2478,2478,2478.13,13502417
20130619,2577.02,2577,2577,2577.02,1289675
20130622,2679.99,2680,2539,2655.46,18365395
20130623,2613.45,2639,2550,2582.59,2102102
20130625,2565.12,2565,2498,2556.20,483007
20130626,2596.35,2658,2565,2655.09,2104600
20130629,2761.04,2761,2714,2760.29,3488127
20130630,2870.70,2871,2845,2870.33,4049771
20130701,2984.83,2985,2907,2984.09,9699886
20130702,2864.76,2933,2865,2883.34,3482624
20130703,2883.34,2999,2883,2970.33,1757870
20130706,3074.43,3089,2981,3085.21,3433315
20130707,3103.42,3103,2962,2981.86,2991808
20130708,2974.05,2974,2863,2894.87,1380656
20130709,2789.29,2937,2788,2867.73,642795
20130710,2899.33,2936,2753,2830.18,1412003
20130713,2759.18,2784,2718,2743.56,1175524
20130714,2677.02,2739,2660,2705.64,744187
20130715,2644.30,2787,2636,2710.11,466595
20130716,2769.59,2770,2677,2703.41,444846
20130717,2732.04,2811,2732,2804.16,1653575
20130720,2916.06,2916,2916,2808.99,54762
20130721,2921.26,2921,2921,2810.85,21228
20130722,2923.12,2923,2923,2816.43,64967
20130723,2929.07,2929,2929,2929.07,2010959
20130724,3046.17,3046,3046,3046.17,4025723
20130727,3167.74,3168,3168,3167.74,2976858
20130728,3197.11,3294,3167,3256.22,12207156
20130729,3252.87,3256,3171,3207.52,4338014
20130731,3234.28,3336,3197,3318.30,6529698
20130803,3335.77,3336,3197,3231.31,1936164
20130804,3226.85,3227,3197,3200.08,2401595
20130805,3197.11,3328,3197,3307.15,4491168
20130806,3264.02,3264,3179,3211.60,2061860
20130807,3123.13,3331,3123,3267.74,3222228
20130811,3342.09,3394,3268,3339.49,1914859
20130812,3401.57,3439,3327,3386.33,1196520
20130813,3449.90,3457,3396,3423.88,2428424
20130814,3420.16,3454,3309,3427.97,1030292
20130817,3564.77,3565,3565,3545.07,1090213
20130818,3624.63,3625,3457,3536.89,1217993
20130819,3557.71,3558,3487,3544.33,1489715
20130820,3561.06,3561,3422,3526.11,288659
20130821,3446.18,3532,3387,3477.04,593224
20130824,3388.19,3503,3388,3457.34,523014
20130825,3474.06,3474,3387,3424.99,770820
20130826,3387.45,3435,3288,3392.28,919640
20130827,3419.04,3419,3257,3352.13,727538
20130828,3218.30,3257,3218,3255.47,946535
20130831,3219.41,3268,3216,3248.04,417202
20130901,3271.46,3378,3271,3377.04,1294429
20130903,3511.98,3512,3354,3387.45,613472
20130904,3309.00,3309,3252,3291.53,905297
20130907,3160.67,3197,3161,3243.58,602999
20130908,3230.19,3275,3230,3246.92,355013
20130909,3284.84,3345,3285,3258.07,215547
20130910,3349.53,3388,3346,3335.77,764507
20130911,3468.86,3469,3389,3427.97,922384
20130914,3527.97,3565,3352,3508.64,1084248
20130915,3513.10,3513,3435,3503.43,456035
20130916,3383.36,3506,3383,3496.74,557795
20130917,3498.97,3558,3457,3496.37,427662
20130918,3475.92,3636,3439,3559.20,1129731
20130921,3700.46,3701,3644,3697.86,1940790
20130922,3624.63,3718,3550,3616.82,874786
20130923,3676.67,3718,3569,3642.84,581808
20130924,3565.15,3717,3497,3622.77,395303
20130925,3643.21,3643,3532,3620.16,556124
20130928,3643.21,3755,3613,3631.69,244533
20130929,3706.41,3706,3532,3624.63,459198
20130930,3706.41,3706,3532,3612.73,602056
20131001,3675.93,3676,3529,3575.93,764888
20131002,3513.10,3605,3513,3574.07,300738
20131005,3624.25,3662,3532,3597.49,741238
20131008,3672.95,3741,3454,3498.23,54895635
20131009,3638.01,3638,3638,3562.54,588271
20131012,3704.93,3705,3705,3704.93,1280041
20131013,3852.88,3853,3848,3852.88,15333001
20131014,3929.47,4007,3815,4003.82,19322536
20131015,4163.67,4164,4089,4163.30,22041455
20131019,4319.81,4329,4090,4289.70,8161298
20131020,4159.96,4182,4118,4127.98,3602030
20131021,4118.32,4238,3978,4080.40,3437270
20131022,3940.99,4126,3941,4069.99,3578014
20131023,4088.95,4232,4089,4221.30,3362855
20131026,4308.66,4377,4071,4263.68,1636770
20131027,4097.13,4097,4093,4093.41,3257019
20131028,3952.14,4088,3930,3953.26,1967183
20131029,3907.16,4048,3907,3956.23,691852
20131030,4048.43,4089,3870,3959.58,399656
20131102,4007.54,4008,3801,3839.87,985132
20131103,3880.02,3880,3686,3781.14,720817
20131104,3780.39,3792,3635,3726.86,3083360
20131105,3810.50,3876,3731,3808.65,893386
20131106,3960.69,3961,3961,3927.61,997419
20131109,4084.49,4084,4084,4036.16,881036
20131110,4178.54,4193,4015,4103.82,2284219
20131111,4176.68,4177,4052,4076.68,2171901
20131112,4067.39,4145,4067,4082.26,1019525
20131116,4144.71,4201,4076,4135.42,1278554
20131117,4163.67,4164,3978,4079.28,718623
20131118,4014.97,4167,3942,4077.80,1632193
20131119,4089.32,4179,4016,4098.99,900302
20131120,4063.67,4089,3935,3983.74,2167827
20131123,4052.15,4143,3982,4085.23,3150609
20131124,4245.46,4248,4202,4247.69,2120725
20131125,4417.58,4418,4275,4401.60,2054548
20131126,4386.73,4409,4227,4294.53,1521009
20131127,4312.00,4368,4227,4268.14,1238528
20131130,4275.20,4368,4145,4245.09,3907863
20131201,4238.02,4275,4076,4134.30,1569703
20131202,4212.00,4212,3978,4051.03,1580246
20131203,4089.32,4089,4015,4053.63,1913734
20131204,4089.32,4164,3903,4066.64,1633340
20131207,4089.32,4229,3904,4128.73,3710744
20131208,4237.65,4294,4234,4207.91,766809
20131209,4375.95,4376,4312,4375.95,7267932
20131210,4550.67,4551,4424,4516.47,2115001
20131211,4550.30,4647,4350,4509.03,1681331
20131214,4524.65,4525,4329,4412.01,1984810
20131215,4386.36,4588,4355,4571.86,2633158
20131216,4752.91,4754,4647,4695.66,5521954
20131217,4821.68,4883,4662,4831.35,2187411
20131218,5022.43,5024,4638,4874.10,4655383
20131221,4679.30,4701,4679,4679.30,2573384
20131222,4625.02,4866,4606,4734.32,1068317
20131224,4641.38,4866,4641,4752.54,574493
20131225,4832.83,4833,4563,4604.95,4473480
20131228,4420.93,4543,4421,4431.34,1549491
20131229,4423.90,4535,4379,4428.36,453345
20131230,4251.41,4275,4251,4273.71,1113945
20140101,4110.88,4360,4111,4284.49,248492
20140104,4387.10,4424,4320,4295.27,159604
20140105,4349.55,4376,4238,4296.02,166613
20140106,4275.94,4276,4124,4240.63,473740
20140107,4094.15,4201,4086,4157.72,1009590
20140108,3994.52,4218,3995,4141.37,384314
20140111,4163.67,4200,4089,4149.17,478873
20140112,4089.69,4126,3983,4110.51,527552
20140113,4212.00,4275,4182,4216.46,863708
20140114,4274.08,4350,4220,4248.81,546245
20140115,4297.88,4298,4135,4239.14,289043
20140118,4312.38,4312,4098,4230.22,216822
20140120,4148.80,4206,4061,4162.93,831985
20140121,4089.32,4271,4089,4158.47,184183
20140122,4089.32,4183,4089,4159.21,463053
20140125,4163.67,4325,4164,4232.08,634787
20140126,4232.08,4271,4063,4221.67,168756
20140127,4052.89,4160,4053,4159.96,479417
20140128,4053.26,4326,4053,4223.90,650748
20140129,4390.44,4393,4238,4265.91,374362
20140201,4383.01,4437,4283,4286.35,208946
20140202,4168.13,4424,4168,4282.64,122837
20140203,4275.20,4275,4112,4268.51,125107
20140204,4100.47,4268,4098,4260.33,73280
20140205,4090.07,4090,4090,4259.59,5485
20140208,4089.32,4089,4089,4259.21,2510
20140304,4088.95,4089,4089,4088.95,2127396
20140305,3925.75,4045,3926,3927.61,1579921
20140308,3773.33,3796,3771,3900.84,234049
20140309,3745.08,3745,3745,3900.10,5200
20140310,3744.33,3744,3744,3892.66,59441
20140311,3737.27,3737,3737,3892.29,3980
20140312,3736.90,3744,3737,3785.60,876458
20140315,3643.59,3718,3634,3756.60,343026
20140316,3680.39,3680,3606,3708.27,434983
20140317,3691.54,3718,3606,3693.03,799605
20140318,3713.85,3714,3545,3679.27,144888
20140319,3535.40,3573,3532,3629.46,453483
20140325,3532.43,3569,3484,3624.63,44096
20140326,3494.51,3643,3492,3616.08,89455
20140329,3532.06,3532,3499,3604.92,152274
20140330,3498.60,3532,3499,3590.05,224201
20140331,3605.67,3680,3447,3562.17,422129
20140405,3680.39,3680,3420,3556.59,120436
20140406,3442.47,3457,3442,3530.57,294898
20140407,3443.95,3444,3390,3525.37,60289
20140408,3405.66,3493,3384,3510.13,157736
20140409,3423.88,3424,3370,3501.20,86710
20140412,3364.40,3370,3361,3488.19,120409
20140413,3348.78,3349,3349,3430.94,522171
20140414,3293.76,3294,3294,3427.60,31726
20140415,3290.79,3346,3291,3418.30,86469
20140416,3282.24,3379,3282,3398.97,206375
20140419,3263.28,3309,3263,3395.62,32298
20140420,3304.54,3425,3260,3386.33,334288
20140421,3356.96,3357,3251,3360.68,256098
20140422,3289.30,3476,3235,3371.83,767814
20140423,3345.81,3468,3346,3439.86,2433221
20140426,3577.41,3577,3576,3577.41,1309820
20140427,3719.42,3719,3532,3612.36,924093
20140428,3587.45,3587,3476,3585.96,822161
20140429,3553.25,3621,3513,3572.21,708488
20140430,3572.58,3598,3550,3571.46,730856
20140503,3632.06,3662,3555,3579.64,1152898
20140504,3579.64,3606,3468,3565.15,555202
20140505,3606.04,3634,3566,3589.31,1320973
20140511,3678.44,3678,3570,3654.10,357776
20140512,3508.44,3557,3508,3639.75,133854
20140514,3530.61,3531,3495,3625.83,127939
20140517,3587.14,3696,3496,3617.57,732056
20140518,3521.91,3548,3522,3615.40,33007
20140519,3526.26,3578,3505,3613.22,30642
20140520,3480.61,3544,3478,3609.74,39218
20140521,3587.14,3609,3496,3607.57,48435
20140524,3478.87,3557,3464,3586.27,199066
20140525,3453.65,3454,3443,3551.05,314576
20140526,3413.21,3413,3409,3540.18,96575
20140528,3400.17,3435,3399,3525.39,143001
20140531,3386.26,3386,3385,3521.04,38921
20140601,3380.60,3381,3381,3514.09,63361
20140602,3373.65,3374,3374,3499.30,135492
20140603,3371.04,3371,3360,3496.70,22397
20140607,3424.95,3609,3425,3504.96,337654
20140608,3391.47,3391,3370,3503.22,17066
20140609,3547.13,3587,3478,3509.31,490041
20140610,3456.69,3457,3384,3507.13,22998
20140611,3374.08,3478,3374,3503.65,39374
20140614,3363.65,3364,3364,3502.78,6687
20140615,3362.78,3363,3363,3476.26,243451
20140616,3337.56,3478,3338,3469.74,111708
20140617,3334.95,3374,3331,3467.56,23215
20140618,3333.21,3544,3329,3468.00,223273
20140621,3478.43,3478,3415,3468.00,59666
20140622,3348.43,3370,3348,3463.65,48109
20140623,3348.43,3350,3325,3461.04,25696
20140624,3323.21,3565,3323,3549.31,1180558
20140625,3408.87,3409,3408,3547.13,18630
20140628,3430.61,3478,3405,3537.57,146443
20140629,3405.39,3405,3396,3537.57,675
20140630,3396.26,3396,3396,3537.57,130
20140701,3396.26,3522,3396,3517.57,235932
20140702,3478.43,3535,3435,3514.09,121434
20140705,3586.70,3655,3587,3586.70,669074
20140706,3645.83,3646,3444,3566.26,198706
20140707,3423.65,3696,3424,3691.92,3166196
20140708,3694.97,3839,3695,3758.45,679272
20140709,3761.49,3761,3652,3749.32,161162
20140712,3891.50,3891,3610,3751.49,212925
20140713,3601.48,3761,3601,3747.58,32565
20140714,3739.32,3739,3652,3747.14,13728
20140715,3645.83,3739,3600,3743.23,37440
20140716,3719.75,3720,3596,3737.14,59733
20140720,3589.31,3719,3588,3731.06,53439
20140721,3581.92,3694,3582,3728.88,23935
20140722,3691.49,3691,3580,3700.18,269898
20140723,3563.22,3652,3552,3695.84,37863
20140726,3552.35,3552,3548,3652.79,371875
20140727,3507.13,3631,3507,3629.31,8423873
20140728,3526.26,3639,3518,3626.27,38620
20140802,3614.53,3617,3522,3624.96,17333
20140803,3506.70,3507,3481,3619.75,47943
20140804,3484.96,3528,3475,3567.57,462226
20140805,3428.43,3428,3428,3567.57,650
20140806,3478.43,3478,3425,3560.18,70567
20140809,3421.91,3422,3422,3560.18,1000
20140810,3434.95,3583,3421,3556.70,194210
20140811,3435.82,3440,3415,3538.87,181469
20140812,3478.43,3478,3403,3537.57,11598
20140813,3398.43,3435,3396,3519.31,165758
20140816,3379.30,3383,3379,3505.83,122668
20140817,3365.82,3367,3366,3365.82,1354151
20140818,3413.21,3413,3266,3365.38,36650
20140819,3391.47,3391,3261,3363.21,26444
20140820,3386.26,3386,3265,3362.78,9122
20140823,3391.04,3391,3278,3360.17,42964
20140824,3378.43,3378,3240,3360.17,3402207
20140825,3241.03,3359,3241,3359.73,13760
20140826,3261.47,3344,3261,3357.56,51774
20140827,3326.25,3348,3308,3357.12,14141
20140830,3304.95,3305,3261,3356.25,13358
20140831,3274.08,3331,3252,3354.08,29818
20140901,3261.03,3464,3246,3343.64,250475
20140902,3417.56,3418,3239,3341.91,38347
20140903,3373.65,3391,3342,3344.08,279800
20140906,3365.38,3365,3270,3343.64,10803
20140907,3362.78,3467,3344,3352.34,316415
20140908,3282.77,3326,3283,3351.47,13960
20140909,3304.51,3391,3283,3350.60,17927
20140910,3273.21,3485,3261,3431.48,1017949
20140913,3306.25,3391,3306,3430.61,17643
20140914,3304.51,3478,3305,3428.87,25285
20140915,3347.99,3348,3305,3426.69,21362
20140916,3391.47,3457,3326,3426.69,18869
20140917,3475.83,3476,3307,3424.52,23996
20140920,3326.25,3348,3288,3419.30,51790
20140921,3369.73,3370,3305,3419.30,1724
20140922,3304.51,3435,3305,3419.30,44611
20140923,3391.47,3435,3348,3419.30,5355
20140924,3348.86,3391,3349,3417.56,40178
20140927,3326.69,3327,3310,3417.13,5225
20140928,3304.51,3326,3305,3404.52,148959
20140929,3404.52,3405,3283,3404.52,7905
20140930,3326.25,3348,3326,3404.08,10781
20141001,3434.52,3435,3348,3402.78,36890
20141004,3413.21,3413,3267,3382.78,250013
20141006,3456.26,3456,3348,3382.34,36274
20141007,3357.12,3357,3305,3381.47,33602
20141008,3377.12,3377,3377,3381.47,180
20141011,3365.38,3365,3261,3380.60,14759
20141012,3262.34,3391,3262,3380.17,49275
20141014,3261.90,3305,3262,3378.86,17961
20141015,3300.16,3326,3270,3377.99,14270
20141018,3287.12,3322,3243,3359.73,182029
20141019,3317.12,3317,3245,3355.38,59067
20141020,3261.03,3474,3248,3357.12,236603
20141021,3347.99,3370,3266,3354.95,92400
20141022,3429.74,3430,3331,3354.08,111059
20141025,3347.99,3348,3284,3354.08,2567
20141026,3282.77,3478,3220,3403.65,880852
20141027,3461.04,3461,3411,3404.52,43028
20141028,3476.69,3477,3391,3404.52,193884
20141029,3413.21,3434,3348,3404.52,353133
20141101,3417.56,3434,3380,3407.13,358636
20141102,3433.21,3433,3318,3405.82,135957
20141105,3412.78,3444,3270,3399.30,238062
20141108,3408.87,3409,3370,3398.00,356009
20141109,3387.13,3400,3338,3397.56,110036
20141110,3391.47,3521,3349,3421.04,798975
20141111,3477.13,3478,3365,3418.87,137660
20141112,3374.08,3434,3282,3404.95,305473
20141115,3304.51,3370,3278,3391.91,167793
20141116,3317.56,3348,3256,3372.34,201141
20141117,3237.99,3274,3238,3364.52,79618
20141118,3233.20,3239,3230,3296.69,647169
20141119,3289.29,3289,3179,3291.90,58357
20141122,3178.85,3188,3161,3281.03,117244
20141123,3215.81,3216,3176,3278.42,37078
20141124,3152.33,3294,3148,3264.51,148811
20141125,3134.07,3226,3134,3258.86,58641
20141126,3204.51,3261,3129,3254.94,92738
20141129,3261.03,3261,3125,3247.12,98233
20141130,3131.03,3131,3118,3245.81,12019
20141201,3126.24,3131,3116,3242.77,28615
20141202,3113.63,3191,3113,3241.47,14373
20141203,3135.37,3135,3112,3221.03,203093
20141206,3092.33,3109,3092,3200.59,202806
20141207,3074.07,3074,3073,3195.81,48032
20141208,3108.85,3109,3068,3191.90,37922
20141209,3087.11,3087,3065,3191.03,9592
20141210,3063.63,3218,3064,3182.33,187623
20141214,3256.68,3257,3092,3181.03,59910
20141215,3208.42,3209,3054,3153.20,514564
20141216,3080.59,3165,3070,3149.29,294912
20141217,3087.55,3144,3024,3139.72,171041
20141220,3044.50,3152,3044,3139.29,15495
20141222,3108.85,3165,3109,3139.72,100404
20141224,3070.59,3190,3014,3108.85,448667
20150104,2984.50,3105,2984,3056.97,785896
20150105,2934.91,3089,2935,2938.72,1735809
20150106,2821.23,2968,2821,2928.04,122832
20150107,2812.08,2920,2811,2906.68,292958
20150110,2790.72,2856,2791,2866.25,458710
20150111,2751.81,2861,2752,2754.10,1308531
20150112,2822.76,2823,2647,2753.34,176492
20150113,2672.47,2784,2664,2752.57,136416
20150114,2761.73,2762,2663,2751.81,16968
20150117,2654.16,2844,2654,2762.49,349975
20150118,2860.91,2861,2721,2762.49,58508
20150119,2754.86,2762,2653,2716.72,547708
20150120,2611.43,2708,2611,2715.19,26160
20150121,2609.15,2695,2607,2697.64,207005
20150124,2593.89,2594,2590,2683.91,163517
20150125,2670.18,2692,2632,2683.91,8448
20150126,2598.46,2701,2594,2683.15,29933
20150127,2577.10,2724,2576,2681.62,17061
20150128,2600.75,2715,2600,2677.81,248100
20150131,2719.00,2719,2640,2677.81,11800
20150201,2617.54,2708,2618,2677.04,40701
20150202,2693.07,2693,2655,2677.04,107645
20150203,2693.07,2693,2632,2677.04,56663
20150204,2723.58,2784,2670,2710.61,496303
20150207,2715.95,2814,2702,2714.43,378836
20150208,2815.13,2815,2713,2717.48,45272
20150209,2617.54,2784,2618,2716.72,47727
20150210,2671.70,2782,2611,2715.95,19071
20150214,2714.43,2763,2627,2716.72,75981
20150215,2715.95,2746,2632,2717.48,108420
20150216,2640.42,2745,2628,2716.72,63198
20150217,2670.94,2739,2663,2716.72,91131
20150218,2700.69,2731,2678,2715.95,33922
20150221,2670.18,2730,2640,2715.95,253515
20150222,2730.45,2730,2608,2703.75,337521
20150223,2601.52,2697,2596,2602.28,3384111
20150224,2548.11,2663,2499,2602.28,16609
20150225,2540.48,2540,2534,2602.28,2467
20150228,2579.39,2617,2567,2601.52,69088
20150301,2517.60,2567,2498,2591.60,257780
20150302,2488.61,2568,2489,2590.84,29850
20150303,2517.60,2563,2488,2585.50,177760
20150304,2551.16,2670,2495,2591.60,10302562
20150307,2555.74,2593,2489,2576.34,431952
20150308,2548.11,2632,2548,2574.05,290340
20150309,2517.60,2626,2479,2567.19,216238
20150310,2502.34,2618,2479,2564.90,82708
20150311,2537.43,2537,2469,2561.85,81825
20150314,2522.94,2540,2483,2555.74,298694
20150315,2491.66,2534,2464,2552.69,88821
20150316,2530.57,2531,2457,2552.69,15100
20150317,2452.75,2453,2451,2503.10,995548
20150318,2516.83,2603,2517,2518.36,368622
20150325,2619.06,2619,2619,2519.89,25771
20150328,2620.59,2621,2621,2521.41,30352
20150329,2622.12,2622,2622,2536.67,302528
20150330,2638.14,2638,2638,2548.11,231385
20150331,2649.58,2650,2650,2548.88,22050
20150404,2650.34,2650,2650,2625.93,1541687
20150405,2730.45,2730,2727,2730.45,2676425
20150406,2839.54,2840,2746,2831.91,5405382
20150407,2940.25,2945,2823,2902.10,1644542
20150408,2868.53,2925,2792,2879.98,987503
20150411,2891.42,2891,2785,2870.82,322156
20150412,2784.61,2785,2756,2844.12,485614
20150413,2756.39,2807,2730,2730.45,2812493
20150414,2654.92,2729,2655,2728.92,87010
20150415,2655.68,2730,2637,2728.16,36716
20150418,2640.42,2662,2619,2722.82,126404
20150419,2685.44,2685,2624,2712.90,218499
20150420,2632.03,2632,2605,2701.46,251776
20150421,2680.10,2680,2602,2694.59,146644
20150422,2650.34,2653,2602,2690.01,213449
20150425,2670.18,2670,2603,2670.18,630654
20150426,2617.54,2670,2617,2667.89,160131
20150427,2669.42,2669,2563,2666.36,50574
20150428,2609.15,2609,2563,2661.02,111663
20150429,2632.03,2632,2563,2660.26,32441
20150503,2563.37,2563,2554,2646.53,257788
20150504,2554.22,2571,2541,2634.32,240653
20150505,2529.04,2586,2529,2632.80,25134
20150506,2630.51,2708,2528,2634.32,152892
20150509,2571.00,2701,2571,2634.32,9870
20150510,2555.74,2696,2529,2636.61,131337
20150511,2707.56,2708,2560,2636.61,15136
20150512,2670.18,2731,2655,2644.24,264431
20150513,2723.58,2729,2672,2646.53,80377
20150517,2737.31,2746,2633,2651.11,199887
20150518,2667.89,2670,2621,2650.34,175582
20150519,2639.66,2708,2640,2650.34,21275
20150520,2670.18,2746,2632,2703.75,35183059
20150531,2795.01,2805,2719,2774.10,870228
20150601,2761.74,2776,2738,2773.15,173978
20150602,2756.98,2832,2757,2814.03,35211522
20150610,2756.98,2871,2757,2814.03,67040
20150613,2852.05,2900,2852,2815.93,42310
20150614,2907.19,2907,2852,2817.83,41603
20150615,2852.05,2938,2813,2824.48,143473
20150616,2909.09,2947,2881,2831.14,133581
20150617,2956.63,2972,2909,2838.74,114847
20150620,2975.64,2977,2882,2839.69,48647
20150621,2957.58,2981,2957,2844.45,71482
20150622,2986.10,2986,2986,2859.66,214145
20150623,3001.31,3002,2977,2940.47,1160854
20150624,3085.92,3087,2904,2968.99,657201
20150627,3082.12,3082,2920,2969.94,126678
20150628,3011.77,3016,2938,2970.89,60015
20150629,2947.12,2996,2947,2973.74,253568
20150630,3023.18,3087,3004,2981.35,220010
20150701,2994.66,3047,2985,2981.35,35204
20150704,2891.03,3120,2891,2986.10,145829
20150705,3045.99,3135,3014,3000.36,213911
20150706,3052.65,3150,3053,3044.09,599549
20150707,3195.25,3196,3195,3064.06,270138
20150711,3217.12,3217,3217,3090.67,349614
20150712,3244.69,3245,3245,3150.57,795093
20150713,3307.43,3307,3307,3276.06,1632197
20150714,3439.58,3440,3327,3426.27,1892969
20150715,3597.39,3597,3422,3494.72,981746
20150720,3489.01,3613,3423,3503.27,309897
20150721,3612.60,3613,3518,3508.03,126148
20150722,3490.91,3491,3376,3489.01,456063
20150725,3336.90,3375,3315,3453.84,439709
20150726,3289.37,3327,3282,3445.28,98693
20150727,3377.78,3378,3273,3429.12,227805
20150728,3260.85,3325,3258,3414.86,178639
20150729,3317.89,3318,3261,3412.01,37416
20150801,3279.86,3280,3242,3394.89,214134
20150802,3262.75,3279,3226,3387.29,98810
20150803,3232.33,3234,3229,3386.34,17938
20150804,3232.33,3232,3217,3376.83,112807
20150805,3218.07,3233,3209,3372.08,62316
20150808,3203.81,3274,3204,3359.72,155707
20150810,3203.81,3280,3204,3358.77,15389
20150812,3204.76,3279,3204,3356.87,27145
20150815,3189.55,3325,3190,3349.26,236335
20150816,3197.15,3349,3182,3347.36,13448656
20150817,3275.11,3394,3252,3373.98,20364469
20150818,3255.14,3255,3213,3366.37,118729
20150819,3241.83,3242,3213,3364.47,31470
20150822,3203.81,3206,3202,3361.62,37401
20150823,3202.86,3243,3202,3358.77,38937
20150824,3251.34,3251,3194,3336.90,361719
20150825,3174.34,3186,3171,3332.15,54747
20150826,3165.78,3185,3166,3331.20,9140
20150829,3232.33,3232,3204,3329.30,37278
20150830,3204.76,3205,3163,3326.44,30048
20150831,3161.98,3250,3162,3322.64,71010
20150901,3157.22,3212,3157,3286.52,459318
20150902,3128.70,3213,3123,3161.98,2800403
20150905,3136.31,3306,3099,3242.78,1454877
20150906,3251.34,3280,3241,3242.78,765801
20150907,3308.38,3356,3281,3341.66,1843353
20150908,3277.96,3318,3278,3340.70,22533
20150909,3280.81,3383,3281,3365.42,1435735
20150912,3403.45,3470,3327,3367.32,2184470
20150913,3393.94,3394,3199,3336.90,379793
20150914,3336.90,3470,3232,3371.13,914132
20150915,3213.31,3220,3204,3332.15,482861
20150916,3184.79,3223,3166,3239.93,1134009
20150919,3091.63,3388,3078,3219.97,3227819
20150920,3137.26,3137,3137,3219.97,8700
20150921,3091.63,3184,3059,3180.04,522810
20150922,3022.23,3232,3022,3195.25,607690
20150923,3241.83,3281,3231,3197.15,41267
20150927,3157.22,3271,3148,3197.15,9735
20150928,3169.58,3170,3063,3196.20,38078
20150929,3096.38,3098,3096,3196.20,1593
20150930,3137.26,3232,3137,3196.20,20342
20151003,3146.77,3147,3036,3086.87,1414828
20151004,2933.81,3052,2933,3084.97,58658
20151005,3051.70,3071,3031,3083.07,107185
20151006,2958.53,3136,2959,3085.92,448779
20151007,3089.72,3185,3090,3088.77,52104
20151010,3183.84,3184,3055,3134.41,1026951
20151011,3150.57,3151,3137,3134.41,3295
20151012,3063.10,3137,3062,3132.50,75945
20151013,3118.24,3137,3080,3132.50,18791
20151014,3137.26,3137,3100,3132.50,120395
20151017,3131.55,3171,3118,3137.26,597787
20151018,3170.53,3171,3109,3136.31,207875
20151019,3137.26,3137,3080,3136.31,33633
20151020,3149.62,3150,3110,3136.31,7729
20151021,3137.26,3137,3104,3134.41,180513
20151025,3042.19,3137,3042,3133.46,122400
20151026,3158.17,3232,3103,3135.36,105180
20151027,3119.20,3155,3113,3135.36,15490
20151028,3140.11,3143,3110,3135.36,27906
20151031,3076.41,3154,3076,3135.36,14220
20151101,3155.32,3155,3064,3128.70,376775
20151102,3101.13,3137,3042,3123.95,249268
20151103,3089.72,3090,3032,3123.00,59400
20151104,3089.72,3090,3042,3121.10,71767
20151107,3043.14,3153,3032,3121.10,79149
20151108,3065.01,3152,3065,3138.21,6489568
20151109,3089.72,3156,3090,3142.96,1078812
20151110,3167.68,3170,3118,3142.96,224834
20151111,3184.79,3185,3112,3142.96,36573
20151114,3099.23,3183,3099,3142.96,158060
20151115,3137.26,3280,3122,3158.17,483220
20151116,3129.65,3226,3130,3161.03,121645
20151117,3128.70,3232,3128,3173.38,518620
20151118,3174.34,3289,3173,3253.24,1640435
20151121,3277.96,3395,3234,3358.77,5764358
20151122,3355.92,3375,3191,3283.66,1599601
20151123,3279.86,3284,3120,3271.30,1547091
20151124,3224.72,3232,3139,3270.35,43025
20151125,3122.05,3231,3122,3270.35,15201
20151128,3110.64,3230,3111,3266.55,50827
20151129,3232.33,3267,3104,3266.55,17208555
20151130,3228.52,3232,3173,3265.60,67661
20151201,3165.78,3193,3137,3264.65,18586
20151205,3142.01,3185,3142,3263.70,23730
20151206,3134.41,3166,3134,3261.80,42635
20151207,3137.26,3156,3128,3257.04,91701
20151208,3137.26,3232,3114,3234.23,457140
20160111,3231.38,3231,3071,3077.37,1591759
20160112,3125.85,3126,2924,3053.60,341095
20160113,2901.49,3194,2901,2912.90,6902675
20160116,3058.35,3058,2947,3025.08,3198221
20160117,3042.19,3118,2928,3009.87,494159
20160118,2891.98,2947,2882,3000.36,194618
20160119,2937.61,3033,2878,2964.23,777665
20160120,2909.09,2937,2881,2952.83,313055
20160123,2909.09,3090,2890,2958.53,851398
20160124,2930.01,2995,2914,2950.92,922299
20160125,2964.23,2995,2930,2954.73,552832
20160126,2957.58,3041,2807,2922.40,1514485
20160127,2890.08,2947,2882,2917.65,660956
20160130,2937.61,3052,2910,2968.99,1154101
20160131,3042.19,3042,2947,2981.35,714987
20160201,3013.67,3130,3014,3114.44,6589030
20160202,3269.40,3269,3192,3262.75,7753588
20160203,3420.56,3425,3281,3417.71,5599675
20160206,3465.24,3465,3299,3407.25,1322041
20160207,3281.76,3384,3237,3329.30,1351427
20160208,3241.83,3384,3239,3319.79,816103
20160209,3265.60,3470,3246,3373.03,1547912
20160210,3339.75,3403,3270,3365.42,665607
20160213,3355.92,3402,3262,3354.01,370865
20160214,3261.80,3325,3228,3307.43,923798
20160215,3232.33,3299,3232,3282.71,842844
20160216,3232.33,3233,3199,3258.95,664917
20160217,3184.79,3232,3156,3243.73,499396
20160220,3137.26,3137,3082,3083.07,2980819
20160221,2961.38,2971,2929,2930.01,2854027
20160222,2872.02,3076,2872,2936.66,1138656
20160223,3011.77,3012,2924,2936.66,661129
20160224,2945.22,2966,2903,2937.61,364086
20160227,2983.25,3061,2947,2966.14,756981
20160228,3005.11,3014,2947,2966.14,184614
20160229,2951.87,2976,2865,2960.43,301146
20160301,2960.43,3002,2950,2962.33,329196
20160302,2947.12,2976,2947,2974.69,3216267
20160305,2966.14,2966,2843,2949.97,560726
20160306,2868.21,2894,2803,2899.59,855904
20160307,2768.39,2947,2767,2882.47,495011
20160308,2852.05,2852,2757,2859.66,461905
20160309,2785.51,2946,2726,2850.15,466158
20160312,2757.94,2911,2741,2855.86,536913
20160314,2840.64,2985,2841,2858.71,563908
20160315,2777.90,2938,2778,2863.46,380697
20160316,2852.05,2852,2783,2859.66,181963
20160326,2783.60,2862,2784,2858.71,124122
20160327,2785.51,2852,2786,2857.76,68466
20160328,2786.46,2849,2786,2856.81,57124
20160329,2809.27,2809,2714,2774.10,1306037
20160330,2780.75,2805,2774,2776.00,289644
20160402,2814.03,2852,2768,2780.75,461522
20160403,2756.98,2768,2661,2769.34,299529
20160404,2647.66,2804,2648,2747.48,503408
20160405,2776.00,2786,2662,2741.77,318465
20160406,2731.32,2731,2674,2733.22,476881
20160409,2709.45,2766,2662,2725.61,1186723
20160410,2723.71,2771,2681,2724.66,213800
20160411,2704.70,2851,2705,2737.02,373441
20160412,2739.87,2775,2739,2738.92,225332
20160413,2747.48,2795,2709,2740.82,223636
20160416,2740.82,2741,2614,2737.97,93070
20160417,2690.44,2690,2624,2734.17,126959
20160418,2729.41,2786,2657,2727.51,266664
20160419,2661.92,2709,2651,2722.76,168821
20160420,2690.44,2709,2653,2718.01,186657
20160423,2671.42,2697,2641,2715.15,103470
20160424,2661.92,2733,2634,2710.40,201416
20160425,2660.01,2681,2613,2700.89,257202
20160426,2615.33,2662,2605,2689.49,278426
20160427,2642.90,2643,2555,2658.11,650144
20160430,2535.48,2657,2529,2645.75,320571
20160501,2566.85,2662,2567,2659.06,50092180
20160502,2637.20,2737,2637,2659.06,50178453
20160503,2699.94,2720,2633,2659.06,12994053
20160504,2622.94,2690,2623,2658.11,63495
20160507,2585.86,2643,2576,2656.21,63834
20160508,2543.08,2612,2543,2651.46,112250
20160509,2652.41,2652,2548,2648.61,122684
20160510,2542.13,2567,2516,2629.59,334382
20160511,2501.25,2511,2498,2624.84,80290
20160514,2633.40,2633,2504,2619.14,135749
20160515,2493.65,2518,2489,2584.91,552811
20160516,2498.40,2529,2457,2567.80,299050
20160517,2553.54,2554,2500,2564.95,166823
20160518,2521.21,2521,2461,2562.09,63128
20160530,2462.27,2463,2461,2560.19,36939
20160531,2438.51,2519,2433,2433.75,2941547
20160608,2940.49,2940,2794,2825.55,1368516
20160611,2684.62,2685,2685,2752.59,1052494
20160612,2615.66,2616,2616,2616.66,2030807
20160613,2486.72,2540,2487,2589.67,423835
20160614,2461.74,2719,2461,2613.66,3107146
20160615,2483.73,2513,2484,2544.70,1085950
20160618,2417.76,2483,2418,2502.72,679886
20160619,2377.78,2469,2378,2468.73,566219
20160620,2345.80,2449,2346,2456.74,211804
20160621,2343.80,2399,2335,2439.75,301652
20160622,2358.79,2489,2318,2437.75,124163
20160625,2398.77,2399,2317,2426.76,190894
20160626,2317.81,2399,2306,2417.76,171261
20160628,2309.82,2397,2309,2409.76,214385
20160629,2333.80,2399,2318,2407.77,87827
20160702,2318.81,2339,2299,2398.77,188487
20160703,2298.82,2369,2293,2392.77,131772
20160704,2300.82,2342,2289,2391.77,27950
20160705,2298.82,2334,2299,2388.77,74282
20160709,2346.80,2349,2299,2383.78,111491
20160710,2288.83,2329,2289,2378.78,117642
20160711,2288.83,2364,2260,2373.78,129526
20160712,2268.84,2299,2261,2370.78,63831
20160713,2269.84,2279,2253,2364.79,111283
20160716,2249.85,2289,2249,2359.79,136758
20160717,2274.83,2478,2272,2404.77,1050572
20160718,2478.73,2525,2423,2446.75,801545
20160719,2454.74,2559,2455,2469.73,618084
20160720,2498.72,2519,2484,2475.73,520847
20160802,2352.79,2443,2353,2379.78,1588280
20160803,2288.83,2439,2261,2307.82,1146019
20160806,2261.84,2368,2262,2302.82,459357
20160807,2318.81,2319,2189,2291.82,413967
20160808,2209.87,2282,2178,2268.84,515804
20160809,2218.86,2299,2219,2268.84,153777
20160810,2228.86,2269,2159,2262.84,188356
20160813,2163.89,2249,2164,2261.84,47506
20160814,2203.87,2229,2184,2258.84,117265
20160815,2178.88,2269,2179,2257.84,131457
20160816,2182.88,2239,2146,2250.85,159333
20160817,2159.89,2219,2160,2249.85,38799
20160820,2183.88,2221,2149,2246.85,114548
20160821,2179.88,2221,2159,2240.85,201912
20160822,2217.86,2218,2159,2234.85,237770
20160823,2163.89,2194,2130,2229.86,141237
20160824,2190.88,2199,2119,2212.87,366533
20160827,2154.89,2166,2120,2208.87,114072
20160828,2120.91,2139,2099,2182.88,517201
20160829,2118.91,2119,2074,2170.89,244145
20160830,2078.93,2099,2063,2160.89,222460
20160831,2063.94,2088,2053,2135.90,545142
20160903,2083.93,2098,2030,2119.91,302231
20160904,2048.95,2077,2049,2119.91,14967
20160905,2068.94,2069,2029,2118.91,17347
20160906,2071.94,2142,2025,2113.92,192880
20160907,2056.95,2130,2056,2113.92,43998
20160910,2118.91,2119,2046,2111.92,72471
20160911,2088.93,2089,2029,2107.92,102906
20160913,2048.95,2069,2009,2101.92,147446
20160914,1997.98,2030,1997,2063.94,757600
20160917,2030.96,2031,1972,2060.94,82778
20160918,1968.99,1986,1958,2050.95,223457
20160919,1968.99,1978,1959,2048.95,55290
20160921,2048.95,2049,1963,2047.95,25557
20160924,2011.97,2044,1999,2039.95,377322
20160925,1999.97,2044,2000,2038.95,106023
20160926,1998.97,2019,1999,2035.96,170724
20160927,2018.96,2039,2018,2034.96,160106
20160928,2041.95,2042,1991,2033.96,83799
20161001,2051.95,2052,2020,2033.96,116353
20161002,2020.96,2098,2021,2034.96,290525
20161003,2034.96,2035,2024,2034.96,94549
20161004,2048.95,2094,2039,2036.96,249409
20161005,2028.96,2073,2029,2037.95,114714
20161008,2068.94,2129,2035,2045.95,1464828
20161009,2010.97,2079,2011,2044.95,213251
20161010,2038.95,2089,2029,2043.95,304863
20161015,2082.93,2083,2032,2040.95,5073112
20161016,2029.96,2057,2004,2038.95,291854
20161017,2048.95,2049,2027,2037.95,340962
20161018,2050.95,2051,2030,2037.95,149392
20161019,2021.96,2040,2005,2035.96,227446
20161101,2018.96,2029,1999,2016.97,186576
20161102,2018.96,2030,1999,2016.97,209544
20161105,1999.97,2049,2000,2018.96,372560
20161106,2019.96,2048,1992,1998.97,5549236
20161107,1998.97,2009,1987,1997.98,545751
20161108,1997.98,2034,1968,1996.98,264417
20161109,1898.03,2013,1898,1991.98,168535
20161112,1998.97,1999,1893,1931.01,1570173
20161113,1949.00,1950,1909,1932.01,352878
20161114,1931.01,2028,1919,1940.01,284696
20161115,2036.96,2037,2029,2036.96,2044397
20161116,2137.90,2138,2136,2137.90,5205669
20161119,2231.86,2244,2202,2240.85,7879047
20161121,2287.83,2288,2151,2219.86,1084676
20161122,2225.86,2331,2189,2308.82,4462622
20161123,2423.76,2424,2380,2422.76,9589879
20161126,2398.77,2419,2302,2358.79,1355916
20161127,2308.82,2449,2309,2375.78,2257456
20161129,2398.77,2494,2399,2489.72,8558926
20161203,2597.67,2598,2449,2523.71,2403563
20161204,2544.70,2545,2411,2483.73,1199652
20161205,2508.71,2509,2360,2459.74,581812
20161206,2418.76,2583,2419,2579.68,13192919
20161207,2708.61,2709,2650,2707.61,27210110
20161210,2758.59,2764,2649,2712.61,4298806
20161211,2718.61,2764,2619,2677.63,3525216
20161212,2732.60,2733,2549,2593.67,2250470
20161213,2519.71,2723,2519,2704.61,8856534
20161214,2678.63,2741,2589,2652.64,2982901
20161218,2575.68,2682,2529,2555.69,2447251
20161219,2502.72,2598,2449,2503.72,4372676
20161220,2498.72,2559,2439,2508.71,1172475
20161221,2499.72,2599,2500,2531.70,1240596
20161224,2518.71,2603,2424,2508.71,1123848
20161225,2460.74,2584,2399,2427.75,22837818
20161226,2548.69,2549,2539,2548.69,16931922
20161227,2598.67,2670,2579,2631.65,5172318
20161228,2598.67,2687,2549,2627.65,8248859
20161231,2642.64,2643,2530,2574.68,5208209
20170101,2518.71,2559,2461,2497.72,2430570
20170102,2483.73,2568,2484,2510.71,850754
20170103,2558.69,2578,2474,2498.72,1502087
20170104,2532.70,2533,2374,2493.72,423842
20170107,2468.73,2469,2371,2451.74,1009707
20170108,2399.77,2459,2399,2442.75,623856
20170109,2448.74,2482,2389,2407.77,3549755
20170111,2373.78,2429,2288,2310.81,7085532
20170114,2348.80,2399,2289,2339.80,2628987
20170115,2298.82,2328,2249,2252.84,8928879
20170116,2254.84,2358,2249,2292.82,1422673
20170117,2364.79,2407,2349,2394.77,3967808
20170118,2406.77,2458,2324,2377.78,1084570
20170121,2319.81,2349,2260,2269.84,4849076
20170122,2278.83,2379,2260,2291.82,1438081
20170123,2338.80,2403,2309,2317.81,699785
20170124,2310.81,2403,2311,2347.80,959470
20170125,2361.79,2369,2321,2347.80,710136
20170128,2348.80,2446,2349,2402.77,2505180
20170129,2358.79,2523,2359,2444.75,2858040
20170130,2498.72,2548,2465,2516.71,2545171
20170131,2488.72,2489,2409,2484.73,754554
20170201,2418.76,2521,2419,2479.73,386392
20170204,2493.72,2499,2439,2477.73,470330
20170205,2448.74,2478,2355,2445.75,686993
20170206,2458.74,2459,2324,2327.81,3774100
20170207,2378.78,2399,2309,2356.79,1839991
20170208,2368.79,2379,2299,2328.81,2419087
20170211,2320.81,2379,2297,2338.80,2619289
20170212,2299.82,2339,2259,2310.81,1204011
20170213,2298.82,2366,2249,2288.83,1503040
20170214,2305.82,2306,2257,2279.83,1234024
20170312,2264.84,2369,2238,2288.83,5942479
20170313,2298.82,2400,2299,2374.78,4777487
20170314,2391.77,2448,2360,2399.77,3419484
20170315,2478.73,2479,2391,2465.74,5751489
20170318,2348.80,2487,2349,2445.75,1714790
20170325,2366.79,2394,2324,2366.79,1488905
20170326,2388.77,2397,2260,2349.79,751146
20170327,2341.80,2368,2260,2314.81,1030979
20170328,2308.82,2343,2260,2297.82,1348001
20170329,2319.81,2339,2280,2298.82,419414
20170403,2280.83,2297,2254,2286.83,1036276
20170404,2259.84,2296,2224,2259.84,3484090
20170405,2278.83,2316,2236,2265.84,4771889
20170408,2333.80,2379,2300,2365.79,6680556
20170409,2483.73,2484,2484,2478.73,1958192
20170410,2602.67,2603,2509,2596.67,19502288
20170412,2648.64,2714,2609,2670.63,10392599
20170415,2725.60,2787,2649,2723.60,3821585
20170416,2648.64,2719,2619,2658.64,3421327
20170417,2633.65,2699,2559,2639.65,2870038
20170418,2568.68,2608,2549,2580.68,1932125
20170419,2548.69,2710,2549,2649.64,6029369
20170422,2697.62,2698,2619,2661.64,4234702
20170423,2657.64,2689,2560,2651.64,1763028
20170424,2563.69,2648,2561,2640.65,401512
20170426,2583.68,2644,2550,2581.68,2258056
20170429,2598.67,2629,2554,2576.68,1678570
20170430,2568.68,2599,2518,2558.69,1279020
20170501,2524.71,2582,2481,2532.70,1086975
20170502,2499.72,2649,2499,2600.67,2017046
20170503,2600.67,2601,2499,2558.69,1244138
20170506,2504.72,2509,2431,2451.74,2241315
20170507,2448.74,2449,2385,2428.75,946060
20170508,2428.75,2429,2325,2382.78,1253085
20170509,2396.77,2497,2321,2414.76,1547823
20170510,2461.74,2488,2399,2421.76,808802
20170513,2408.76,2468,2373,2422.76,370882
20170514,2448.74,2449,2332,2407.77,576115
20170515,2367.79,2419,2349,2398.77,534243
20170516,2398.77,2434,2394,2400.77,250874
20170517,2374.78,2457,2375,2414.76,908872
20170520,2438.75,2489,2399,2441.75,2071798
20170521,2469.73,2496,2344,2411.76,938707
20170522,2416.76,2417,2314,2386.78,696602
20170523,2321.81,2342,2279,2338.80,1101825
20170524,2279.83,2339,2280,2318.81,1210664
20170527,2280.83,2428,2281,2350.79,1923679
20170528,2320.81,2468,2299,2385.78,1914191
20170529,2378.78,2419,2299,2367.79,840263
20170530,2309.82,2324,2275,2324.81,1186029
20170531,2336.80,2419,2255,2349.79,1161208
20170603,2308.82,2326,2298,2343.80,276815
20170606,2271.83,2396,2271,2384.78,13494093
20170607,2298.82,2308,2266,2275.83,1945176
20170610,2328.81,2345,2270,2283.83,680190
20170611,2329.81,2369,2249,2299.82,947906
20170612,2297.82,2334,2252,2298.82,78847
20170613,2256.84,2299,2236,2288.83,984225
20170614,2298.82,2299,2244,2284.83,340044
20170617,2288.83,2289,2199,2230.86,1919186
20170702,2298.82,2309,2200,2278.83,1243808
20170703,2228.86,2229,2165,2169.89,2807511
20170704,2061.94,2247,2062,2099.92,4037821
20170705,2147.90,2148,2042,2121.91,14636543
20170708,2100.92,2129,2069,2108.92,821749
20170709,2068.94,2089,2047,2070.94,1414179
20170710,2038.95,2058,2004,2044.95,1447435
20170711,2048.95,2049,1999,2022.96,1651159
20170712,1999.97,2040,1998,2017.97,1029971
20170715,1979.98,2024,1965,1975.99,2539054
20170716,1968.99,1979,1939,1959.99,1418531
20170717,1961.99,1962,1927,1950.00,1231650
20170726,1987.00,1988,1940,1962.00,1600827
20170729,1980.00,2060,1980,2002.00,928069
20170730,2102.00,2102,2060,2100.00,3927420
20170731,2102.00,2133,2070,2099.00,701059
20170801,2031.00,2060,2030,2087.00,386283
20170802,2053.00,2150,1983,2017.00,6614109
20170806,2032.00,2100,1982,2037.00,1561906
20170807,2031.00,2069,2000,2025.00,999963
20170808,2043.00,2044,1985,2019.00,621596
20170809,1986.00,2010,1970,2006.00,1614105
20170812,1987.00,1999,1910,1938.00,2470572
20170813,1915.00,1980,1915,1935.00,1323426
20170814,1930.00,1989,1905,1935.00,662967
20170815,1911.00,1968,1890,1925.00,1129181
20170816,1954.00,1954,1892,1918.00,723284
20170819,1925.00,1930,1909,1919.00,1332203
20170820,1912.00,1930,1900,1914.00,821799
20170821,1905.00,1925,1895,1911.00,725843
20170822,1911.00,1998,1896,1929.00,722105
20170823,1980.00,1980,1931,1936.00,620076
20170826,1938.00,2032,1926,2004.00,2714226
20170827,2050.00,2104,2050,2095.00,6002864
20170828,2100.00,2115,2020,2068.00,1428713
20170829,2032.00,2051,1969,2000.00,1986590
20170830,2000.00,2045,2000,2012.00,1307364
20170902,2025.00,2025,1980,2004.00,939853
20170903,2000.00,2000,1960,1993.00,699061
20170904,1996.00,2029,1972,1991.00,413057
20170905,1990.00,2030,1961,1993.00,821820
20170906,1986.00,1999,1972,1991.00,332130
20170910,2035.00,2080,2000,2029.00,1639052
20170911,2075.00,2130,2033,2120.00,7294196
20170912,2136.00,2150,2088,2107.00,2712226
20170913,2081.00,2081,2041,2075.00,1149247
20170916,2080.00,2119,2072,2086.00,1185734
20170917,2063.00,2128,2063,2107.00,1714429
20170918,2120.00,2210,2120,2184.00,2604917
20170919,2160.00,2260,2142,2199.00,2497183
20170920,2249.00,2249,2150,2183.00,1908171
20170923,2292.00,2292,2246,2291.00,24207704
20170924,2250.00,2250,2177,2207.00,5108469
20170925,2179.00,2227,2121,2173.00,2151587
20170926,2198.00,2266,2183,2197.00,3428460
20170927,2199.00,2199,2152,2185.00,968696
20171002,2161.00,2170,2106,2155.00,1103421
20171003,2117.00,2119,2077,2108.00,1748877
20171004,2127.00,2127,2078,2093.00,1284854
20171007,2070.00,2180,2051,2143.00,2795086
20171008,2143.00,2158,2051,2100.00,2731576
20171009,2102.00,2189,2102,2126.00,1073080
20171010,2175.00,2232,2130,2227.00,10586239
20171011,2248.00,2300,2220,2260.00,3701467
20171014,2263.00,2373,2263,2355.00,7745198
20171015,2314.00,2398,2303,2344.00,1679533
20171016,2339.00,2344,2272,2314.00,2029893
20171017,2300.00,2334,2263,2297.00,2068330
20171018,2300.00,2411,2290,2387.00,10236957
20171021,2470.00,2506,2447,2497.00,14156618
20171030,2500.00,2625,2500,2596.00,12477842
20171031,2626.00,2725,2581,2676.00,12057334
20171101,2606.00,2670,2600,2626.00,6364942
20171104,2630.00,2670,2581,2629.00,1591138
20171105,2602.00,2638,2600,2606.00,1871675
20171106,2615.00,2670,2600,2620.00,4147630
20171107,2603.00,2720,2603,2687.00,4627300
20171108,2678.00,2718,2604,2642.00,1444086
20171111,2603.00,2650,2522,2582.00,3929056
20171112,2630.00,2700,2561,2670.00,5856006
20171113,2700.00,2700,2633,2671.00,839071
20171114,2640.00,2685,2620,2655.00,1251728
20171115,2670.00,2670,2607,2637.00,5018821
20171118,2600.00,2720,2587,2669.00,3379111
20171120,2710.00,2802,2710,2795.00,12155875
20171129,2661.00,2794,2661,2768.00,8718203
20171202,2849.00,2849,2690,2746.00,4875717
20171203,2740.00,2783,2697,2729.00,2311522
20171204,2700.00,2729,2680,2699.00,2873360
20171205,2700.00,2710,2664,2694.00,2990005
20171209,2694.00,2749,2660,2686.00,1681285
20171210,2701.00,2797,2691,2763.00,3042899
20171211,2765.00,2800,2700,2755.00,1927958
20171212,2760.00,2892,2701,2844.00,7154524
20171213,2806.00,2950,2806,2903.00,3765000
20171216,2979.00,3023,2920,2973.00,2702910
20171217,3000.00,3030,2825,2897.00,2389809
20171218,2789.00,2900,2780,2851.00,1242183
20171219,2817.00,2840,2751,2839.00,471294
20171220,2773.00,2810,2698,2761.00,4373950
20171223,2780.00,2890,2777,2813.00,1102295
20171224,2818.00,2888,2818,2822.00,754821
20171225,2830.00,2900,2800,2835.00,1636802
20171226,2870.00,2900,2839,2851.00,1565026
20171227,2885.00,2923,2721,2850.00,3845276
20171230,2820.00,2820,2711,2787.00,2951829
20171231,2820.00,2850,2700,2799.00,5900722
20180101,2760.00,2829,2760,2796.00,765833
20180102,2800.00,2814,2748,2787.00,725820
20180103,2721.00,2798,2670,2763.00,1166273
20180106,2780.00,2797,2691,2761.00,478093
20180107,2700.00,2734,2680,2745.00,474498
20180108,2700.00,2743,2700,2734.00,532710
20180109,2700.00,2717,2700,2730.00,272067
20180110,2690.00,2800,2690,2735.00,444784
20180113,2751.00,2751,2656,2709.00,1019140
20180114,2655.00,2719,2636,2708.00,287134
20180121,2770.00,2770,2632,2660.00,5172272
20180122,2615.00,2733,2590,2677.00,1246622
20180123,2662.00,2699,2562,2667.00,678040
20180124,2667.00,2730,2600,2672.00,615544
20180127,2621.00,2732,2621,2669.00,191286
20180128,2698.00,2698,2580,2654.00,429249
20180129,2610.00,2670,2600,2648.00,607863
20180130,2603.00,2665,2600,2640.00,435761
20180131,2601.00,2660,2600,2639.00,352137
20180203,2650.00,2650,2600,2631.00,413525
20180204,2600.00,2700,2600,2634.00,784938
20180205,2684.00,2697,2600,2632.00,474549
20180206,2580.00,2670,2580,2621.00,677905
20180207,2628.00,2630,2578,2621.00,2087340
20180210,2555.00,2570,2534,2617.00,99491
20180212,2590.00,2643,2500,2613.00,198993
20180213,2506.00,2610,2506,2606.00,644436
20180214,2561.00,2640,2561,2606.00,220982
20180217,2649.00,2649,2600,2618.00,1325545
20180218,2650.00,2680,2640,2622.00,251308
20180219,2660.00,2753,2660,2730.00,1975882
20180221,2866.00,2866,2798,2835.00,1750526
20180224,2753.00,2789,2748,2829.00,172954
20180225,2750.00,2840,2746,2819.00,536664
20180226,2751.00,2755,2711,2799.00,477573
20180227,2750.00,2759,2715,2787.00,385686
20180228,2730.00,2800,2690,2786.00,12531
20180303,2650.00,2685,2647,2776.00,150140
20180304,2638.00,2700,2638,2767.00,140226
20180305,2629.00,2724,2629,2755.00,185639
20180306,2618.00,2660,2618,2747.00,121061
20180307,2610.00,2770,2610,2652.00,1664740
20180310,2610.00,2740,2520,2677.00,1252060
20180311,2581.00,2700,2544,2651.00,564219
20180312,2550.00,2685,2519,2650.00,217943
20180313,2650.00,2697,2535,2646.00,847071
20180314,2560.00,2620,2560,2646.00,786
20180317,2552.00,2618,2514,2613.00,612399
20180318,2501.00,2568,2483,2564.00,792115
20180319,2443.00,2491,2436,2543.00,404363
20180325,2422.00,2498,2422,2537.00,127193
20180326,2421.00,2521,2417,2533.00,79789
20180327,2520.00,2597,2520,2533.00,3935
20180328,2500.00,2578,2450,2531.00,117104
20180403,2500.00,2549,2500,2531.00,52848
20180404,2451.00,2531,2440,2525.00,216242
20180407,2500.00,2600,2413,2458.00,3727373
20180408,2401.00,2445,2353,2449.00,216122
20180409,2444.00,2513,2400,2449.00,376175
20180410,2401.00,2571,2401,2464.00,491926
20180411,2401.00,2546,2401,2464.00,9058
20180415,2460.00,2495,2341,2463.00,43103
20180416,2342.00,2489,2340,2453.00,170352
20180417,2331.00,2424,2331,2442.00,294666
20180418,2337.00,2400,2337,2429.00,336908
20180421,2400.00,2400,2340,2426.00,79066
20180422,2393.00,2400,2340,2417.00,341543
20180423,2327.00,2340,2297,2409.00,143645
20180424,2291.00,2477,2291,2407.00,196534
20180425,2520.00,2520,2360,2396.00,666595
20180428,2390.00,2445,2326,2394.00,89920
20180429,2300.00,2408,2280,2383.00,306157
20180430,2343.00,2399,2264,2335.00,875042
20180501,2304.00,2304,2250,2334.00,68891
20180505,2280.00,2334,2223,2326.00,322341
20180506,2223.00,2380,2222,2325.00,218502
20180507,2349.00,2349,2223,2277.00,1813696
20180508,2300.00,2300,2252,2277.00,46200
20180509,2295.00,2340,2200,2311.00,8994200
20180512,2348.00,2348,2281,2311.00,362508
20180513,2298.00,2298,2210,2301.00,246834
20180514,2245.00,2303,2190,2284.00,1145287
20180515,2250.00,2250,2220,2283.00,21469
20180516,2190.00,2240,2190,2279.00,119776
20180519,2259.00,2260,2193,2273.00,188349
20180520,2222.00,2259,2192,2265.00,237080
20180521,2200.00,2219,2200,2257.00,283865
20180522,2197.00,2215,2190,2254.00,94154
20180523,2240.00,2240,2220,2253.00,44322
20180526,2175.00,2223,2149,2247.00,141392
20180527,2160.00,2179,2135,2226.00,402037
20180528,2175.00,2199,2143,2220.00,181332
20180529,2184.00,2190,2109,2183.00,736743
20180530,2111.00,2163,2088,2162.00,787671
20180602,2069.00,2176,2069,2159.00,681907
20180603,2160.00,2266,2091,2194.00,2169931
20180609,2303.00,2303,2303,2291.00,1810471
20180610,2404.00,2405,2400,2405.00,23601154
20180617,2850.00,2850,2708,2770.00,25383538
20180618,2860.00,2860,2701,2792.00,13662478
20180619,2890.00,2931,2793,2873.00,12926737
20180620,2988.00,2999,2800,2892.00,3707560
20180623,2850.00,2881,2804,2835.00,1818085
20180624,2890.00,2890,2814,2844.00,3482784
20180625,2852.00,2986,2851,2983.00,8590643
20180701,2990.00,2990,2841,2841.00,3063800
20180702,2710.00,2983,2702,2880.00,1315544
20180703,3024.00,3024,3023,3024.00,7900090
20180704,3172.00,3175,3090,3172.00,6190111
20180707,3108.00,3156,3014,3156.00,320438
20180708,2999.00,3001,2999,3017.00,1805156
20180710,2867.00,2980,2867,3009.00,111081
20180711,2860.00,3000,2859,2984.00,682262
20180714,2975.00,2975,2835,2957.00,422056
20180715,2899.00,2899,2810,2938.00,269818
20180716,2792.00,2822,2792,2928.00,137471
20180717,2782.00,2782,2782,2926.00,22653
20180718,2780.00,2780,2780,2926.00,10
20180721,2780.00,2780,2780,2925.00,7560
20180722,2779.00,2779,2779,2779.00,2037013
20180723,2650.00,2844,2642,2745.00,2369641
20180724,2820.00,2882,2820,2878.00,6238795
20180725,3021.00,3021,3009,3021.00,12001466
20180728,3172.00,3172,3055,3171.00,7862140
20180729,3300.00,3329,3199,3290.00,8532771
20180730,3399.00,3399,3300,3339.00,1014000
20180731,3505.00,3680,3505,3677.00,2214549
20180801,3700.00,3860,3602,3792.00,33386989
20180804,3792.00,3944,3655,3790.00,8031841
20180805,3790.00,3979,3700,3908.00,11091810
20180806,4103.00,4103,3800,4058.00,7834983
20180807,3890.00,4030,3856,3865.00,6943616
20180808,3700.00,3845,3672,3687.00,5067915
20180811,3561.00,3795,3504,3661.00,2521745
20180812,3680.00,3800,3530,3628.00,6253319
20180813,3679.00,3679,3522,3614.00,2302706
20180814,3624.00,3794,3624,3779.00,5704533
20180815,3760.00,3830,3665,3773.00,1191990
20180818,3961.00,3961,3750,3959.00,12805505
20180819,4077.00,4156,4077,4153.00,17378380
20180820,4310.00,4310,4016,4132.00,4948326
20180821,4130.00,4137,3951,4079.00,3009438
20180825,4199.00,4235,4015,4187.00,6787090
20180826,4099.00,4312,4050,4231.00,4136766
20180827,4200.00,4200,4090,4149.00,1557514
20180828,4013.00,4130,3942,3972.00,3995014
20180829,4090.00,4130,3900,3985.00,1174799
20180901,3985.00,4180,3901,3996.00,1238831
20180902,3901.00,4065,3808,3933.00,869966
20180903,3920.00,4049,3920,3970.00,1354795
20180904,3957.00,4150,3957,4044.00,1153202
20180905,4100.00,4100,3981,4036.00,1278690
20180908,4014.00,4110,3940,4019.00,1757391
20180909,4100.00,4219,4088,4210.00,7380316
20180910,4420.00,4420,4420,4420.00,10181757
20180911,4641.00,4641,4641,4641.00,6466605
20180912,4873.00,4873,4873,4869.00,2003167
20180915,5112.00,5367,5112,5362.00,33617712
20180916,5630.00,5630,5620,5630.00,51248782
20180917,5911.00,5911,5800,5909.00,27705166
20180918,5990.00,5990,5614,5617.00,12116397
20180922,5897.00,5897,5620,5809.00,17741792
20180923,5880.00,5880,5550,5778.00,7456593
20180924,5712.00,5712,5490,5518.00,12450685
20180925,5518.00,5793,5518,5789.00,35218357
20180926,6078.00,6078,6078,6078.00,6587526
20181001,6381.00,6700,6381,6665.00,27130463
20181002,6650.00,6650,6332,6419.00,3889365
20181003,6099.00,6739,6099,6189.00,21263397
20181006,6498.00,6498,5880,6375.00,23434298
20181007,6169.00,6189,6057,6065.00,19619164
20181008,5815.00,6155,5762,5985.00,7472918
20181009,6280.00,6284,6020,6264.00,6911245
20181010,6090.00,6360,6090,6196.00,6216292
20181013,6270.00,6270,5887,5890.00,4412043
20181014,5660.00,6184,5660,5964.00,738203
20181015,6050.00,6262,6050,6261.00,3188661
20181016,6499.00,6574,6480,6564.00,10323552
20181017,6700.00,6892,6651,6840.00,4925780
20181020,7182.00,7182,7182,7182.00,14391056
20181021,7189.00,7520,7100,7271.00,6832157
20181022,7405.00,7634,7300,7586.00,22775981
20181023,7897.00,7897,7300,7658.00,8554321
20181024,7600.00,7600,7276,7329.00,5550992
20181027,6980.00,7448,6963,7031.00,4260501
20181028,7190.00,7190,6950,7070.00,1953605
20181029,7023.00,7180,7002,7080.00,3674149
20181031,6860.00,7200,6802,6954.00,2112110
20181103,6940.00,7000,6640,6817.00,1989069
20181104,6645.00,6890,6556,6675.00,2076995
20181105,6699.00,6850,6653,6761.00,1588459
20181106,6800.00,6840,6550,6624.00,3152674
20181110,6618.00,6703,6343,6442.00,2127303
20181111,6301.00,6350,6123,6151.00,3571055
20181112,5999.00,6301,5999,6163.00,1561053
20181113,6379.00,6390,5874,6070.00,1518731
20181114,6000.00,6150,5974,6062.00,1921605
20181117,6061.00,6300,5965,6052.00,1419648
20181118,6100.00,6250,5761,5937.00,1563801
20181119,6193.00,6233,6000,6178.00,2331517
20181120,6299.00,6486,6160,6378.00,1559152
20181121,6571.00,6680,6251,6420.00,675884
20181124,6350.00,6350,6099,6301.00,619871
20181126,6000.00,6290,5986,5994.00,2114941
20181127,6000.00,6200,5830,5976.00,1149886
20181128,5900.00,6100,5678,5903.00,479151
20181201,5608.00,5608,5608,5871.00,183920
20181202,5578.00,5900,5578,5730.00,2624174
20181203,6000.00,6000,5800,5865.00,1184211
20181204,5900.00,5900,5572,5625.00,3483942
20181205,5699.00,5750,5630,5689.00,7462270
20181208,5650.00,5780,5412,5614.00,1322026
20181209,5650.00,5688,5500,5594.00,811790
20181210,5594.00,5650,5356,5520.00,1273316
20181211,5450.00,5640,5320,5480.00,1314161
20181212,5450.00,5488,5280,5434.00,1016944
20181215,5449.00,5500,5349,5406.00,981522
20181216,5411.00,5478,5381,5409.00,597673
20181217,5381.00,5470,5250,5388.00,1515505
20181218,5400.00,5400,5340,5366.00,2751649
20181219,5370.00,5397,5200,5319.00,1285630
20181222,5320.00,5320,5054,5261.00,1081840
20181223,5151.00,5490,5151,5323.00,1516266
20181224,5458.00,5508,5350,5444.00,2069393
20181225,5440.00,5500,5300,5439.00,121551
20181226,5499.00,5710,5355,5628.00,2195350
20181229,5870.00,5870,5680,5789.00,1960192
20181230,6050.00,6050,5740,5826.00,744155
20181231,5995.00,6100,5799,5836.00,738056
20190101,5836.00,5840,5545,5714.00,1102466
20190102,5600.00,5730,5429,5444.00,4338514
20190105,5679.00,5679,5172,5457.00,775893
20190106,5697.00,5697,5511,5494.00,539027
20190107,5588.00,5678,5505,5563.00,825496
20190108,5600.00,5841,5503,5778.00,9561332
20190109,5975.00,6020,5801,5911.00,1607247
20190112,5941.00,6199,5900,5967.00,1199042
20190113,5800.00,5930,5691,5938.00,406576
20190114,5900.00,5998,5700,5902.00,1230127
20190115,5910.00,6197,5888,6128.00,5574532
20190116,6418.00,6434,6237,6416.00,3452288
20190119,6500.00,6665,6205,6414.00,722863
20190120,6493.00,6599,6202,6369.00,1793140
20190121,6200.00,6350,6052,6161.00,2160259
20190122,6300.00,6300,5902,6169.00,654061
20190123,6294.00,6294,6151,6172.00,408402
20190126,6239.00,6239,5864,6049.00,1057892
20190127,5959.00,5959,5747,5811.00,1428545
20190128,5840.00,5840,5521,5606.00,1455337
20190129,5333.00,5698,5333,5584.00,610418
20190130,5590.00,5734,5400,5577.00,631356
20190202,5500.00,5698,5402,5570.00,761189
20190203,5410.00,5569,5292,5433.00,1214058
20190204,5400.00,5599,5400,5444.00,273320
20190205,5440.00,5575,5300,5452.00,504269
20190206,5490.00,5610,5401,5458.00,260861
20190210,5550.00,5697,5300,5469.00,363897
20190212,5469.00,5500,5290,5446.00,317271
20190213,5394.00,5495,5250,5431.00,404152
20190216,5339.00,5490,5260,5408.00,544909
20190217,5402.00,5402,5206,5384.00,306422
20190218,5200.00,5388,5200,5288.00,1464026
20190219,5250.00,5448,5024,5243.00,2016138
20190220,5325.00,5497,5271,5339.00,1198332
20190223,5498.00,5605,5451,5600.00,4944189
20190224,5629.00,5798,5520,5652.00,1242227
20190225,5600.00,5652,5500,5614.00,499964
20190226,5360.00,5597,5360,5574.00,425354
20190227,5620.00,5620,5403,5562.00,242174
20190302,5630.00,5698,5390,5490.00,1251856
20190303,5548.00,5548,5360,5479.00,686343
20190304,5479.00,5479,5331,5452.00,618331
20190305,5450.00,5450,5300,5442.00,225717
20190306,5320.00,5389,5271,5416.00,367179
20190309,5284.00,5470,5284,5417.00,486092
20190310,5391.00,5580,5391,5481.00,1776978
20190311,5540.00,5554,5310,5472.00,658771
20190312,5552.00,5552,5351,5467.00,768178
20190313,5400.00,5740,5351,5711.00,7619984
20190316,5990.00,5996,5900,5992.00,8041710
20190317,6120.00,6145,5900,6066.00,10957301
20190318,6022.00,6369,6022,6343.00,6729047
20190319,6500.00,6628,6311,6475.00,3301276
20190325,6598.00,6598,6181,6360.00,2431104
20190326,6500.00,6500,6212,6353.00,1661916
20190327,6448.00,6448,6200,6345.00,1430697
20190330,6488.00,6495,6360,6442.00,1838026
20190331,6478.00,6478,6201,6297.00,1343374
20190406,6257.00,6440,6150,6338.00,2020879
20190407,6450.00,6654,6400,6627.00,11379015
20190408,6300.00,6958,6300,6876.00,5092614
20190409,6657.00,7050,6657,6928.00,5747240
20190410,7050.00,7120,6883,7055.00,2653816
20190413,7050.00,7405,7050,7276.00,4679570
20190414,7470.00,7470,6940,7078.00,2881818
20190415,7032.00,7250,6900,7030.00,5733152
20190416,7090.00,7280,6910,7048.00,11865405
20190417,6900.00,7099,6723,6996.00,1889113
20190420,7345.00,7712,7345,7430.00,2122286
20190422,7801.00,7801,7680,7797.00,52309382
20190423,7867.00,8186,7801,8087.00,15951144
20190424,8129.00,8141,7900,7963.00,7741570
20190427,8099.00,8348,7991,8130.00,9468530
20190428,8182.00,8300,8081,8191.00,5679937
20190429,8160.00,8600,8000,8421.00,10664722
20190430,8598.00,8598,8201,8382.00,9370708
20190501,8300.00,8500,8183,8386.00,4830381
20190504,8384.00,8397,8189,8243.00,13296090
20190505,8299.00,8655,8179,8543.00,20330790
20190506,8202.00,8300,8116,8125.00,23330413
20190507,8015.00,8015,7719,7743.00,9324623
20190508,7500.00,7955,7500,7841.00,3263298
20190511,7550.00,7949,7449,7674.00,1630008
20190512,7380.00,7449,7291,7306.00,5326865
20190513,7025.00,7671,7025,7505.00,1512105
20190514,7879.00,7880,7705,7871.00,5156274
20190515,7900.00,8090,7602,7889.00,2839639
20190518,7889.00,8090,7600,7813.00,2604160
20190519,7676.00,7893,7431,7686.00,2003178
20190520,7500.00,7820,7500,7689.00,2374241
20190521,7500.00,7989,7500,7846.00,2191694
20190522,7885.00,7885,7652,7781.00,1083348
20190525,7795.00,7800,7504,7595.00,1920890
20190526,7601.00,7883,7601,7779.00,1806791
20190528,7779.00,8167,7701,8164.00,10217345
20190529,8450.00,8572,8181,8477.00,6514951
20190601,8401.00,8888,8054,8430.00,4289077
20190602,8759.00,8759,8400,8518.00,2219944
20190603,8700.00,8943,8641,8841.00,4918447
20190608,8750.00,9283,8659,9239.00,3615837
20190609,9280.00,9550,8901,9101.00,2413060
20190610,9000.00,9198,8880,9045.00,5398374
20190611,8968.00,9049,8794,8910.00,1547859
20190612,8923.00,8923,8700,8803.00,2802218
20190615,8700.00,8803,8480,8575.00,1553750
20190616,8720.00,9003,8503,8929.00,6363331
20190617,8919.00,9020,8600,8864.00,2162244
20190618,9040.00,9040,8421,8577.00,3193710
20190619,8580.00,8580,8150,8312.00,2624444
20190622,8050.00,8725,8050,8529.00,3924252
20190623,8700.00,8889,8625,8733.00,1065100
20190624,8680.00,8905,8360,8702.00,2279420
20190625,8592.00,8950,8592,8764.00,2208857
20190626,8900.00,8929,8766,8852.00,1913739
20190630,8900.00,9202,8631,8901.00,1823181
20190701,8995.00,9039,8501,8828.00,3299252
20190702,8989.00,8989,8701,8845.00,1967243
20190703,8800.00,8800,8659,8698.00,1005091
20190706,8696.00,8720,8390,8542.00,1056905
20190707,8696.00,8696,8406,8468.00,1245340
20190708,8590.00,8720,8470,8579.00,1749875
20190709,8830.00,9007,8700,8926.00,3528420
20190710,9150.00,9372,8900,9285.00,4333834
20190713,9600.00,9600,8940,9232.00,1445449
20190714,9100.00,9230,8952,9139.00,1549839
20190720,9235.00,9235,8710,8914.00,2975247
20190721,9100.00,9359,9100,9353.00,9621369
20190722,9820.00,9820,9510,9820.00,17407767
20190723,9929.00,9940,9403,9724.00,5298930
20190724,9934.00,10190,9600,9960.00,5625816
20190727,9940.00,9940,9470,9590.00,2594231
20190728,9700.00,10069,9600,10001.00,11845403
20190729,10170.00,10175,9666,9876.00,3061639
20190730,9650.00,10000,9646,9808.00,3081002
20190731,9950.00,9950,9700,9773.00,1505193
20190803,9900.00,9900,9361,9584.00,1657222
20190804,9380.00,9500,9105,9262.00,3908600
20190805,9359.00,9440,9230,9297.00,2099457
20190806,9336.00,9350,9190,9251.00,800360
20190807,9251.00,9419,9186,9229.00,1540681
20190810,9204.00,9228,8950,9151.00,3568322
20190811,9160.00,9160,8920,9004.00,5476954
20190813,9002.00,9145.00,8890.00,9002.00,4725247
