Date,Time,Open,High,Low,Close,Volume
20110412,000000,2902,3000,2841,2860,7355733
20110413,000000,2885,2889,2820,2872,6224823
20110416,000000,2905,2950,2880,2899,6627752
20110417,000000,2950,2950,2819,2840,4042205
20110418,000000,2880,2880,2780,2796,4547033
20110419,000000,2815,2860,2703,2770,4035502
20110420,000000,2740,2861,2740,2839,5214572
20110423,000000,2880,2880,2783,2850,4242600
20110424,000000,2840,2895,2780,2780,6220655
20110425,000000,2870,2870,2716,2730,5839926
20110426,000000,2760,2765,2711,2728,3960637
20110427,000000,2765,2765,2631,2738,3972456
20110430,000000,2680,2700,2606,2606,5448499
20110501,000000,2509,2715,2509,2660,17137217
20110502,000000,2670,2670,2670,2670,3173789
20110503,000000,2741,2741,2741,2741,5481732
20110504,000000,2850,2850,2850,2850,4204335
20110508,000000,2860,2860,2732,2750,12742467
20110509,000000,2829,2895,2823,2895,33240474
20110510,000000,3007,3008,2933,2944,39065951
20110511,000000,2944,2986,2900,2940,6318987
20110514,000000,2910,2910,2880,2882,1253512
20110515,000000,2895,2905,2855,2896,5820333
20110516,000000,2949,2984,2870,2921,4963766
20110517,000000,2950,2980,2906,2925,3091862
20110518,000000,2935,3044,2935,3044,17782106
20110521,000000,3050,3134,3031,3134,59208761
20110522,000000,3134,3179,3072,3170,40403453
20110523,000000,3102,3250,3070,3213,82310326
20110524,000000,3209,3250,3104,3111,12790058
20110525,000000,3111,3111,3047,3047,17003871
20110528,000000,3030,3165,2931,2932,18874382
20110529,000000,2960,2965,2866,2866,10498647
20110530,000000,2880,2986,2880,2986,11631246
20110531,000000,3088,3096,3062,3096,18215871
20110601,000000,3099,3120,3052,3060,14836739
20110606,000000,3120,3201,3119,3150,13208088
20110607,000000,3150,3197,3061,3197,5101831
20110608,000000,3100,3224,3020,3224,36126007
20110611,000000,3270,3295,3125,3140,11806771
20110612,000000,3110,3199,3090,3170,4461374
20110613,000000,3168,3250,3150,3190,13684828
20110614,000000,3200,3230,3076,3076,17819499
20110615,000000,3070,3105,2978,3060,21441036
20110618,000000,3071,3135,3071,3135,15525723
20110619,000000,3136,3190,3083,3100,8660008
20110620,000000,3100,3109,3071,3090,4476833
20110621,000000,3099,3158,3087,3091,3042476
20110622,000000,3107,3139,3080,3088,2283655
20110625,000000,3081,3149,3021,3021,2539681
20110626,000000,3010,3050,2969,2969,10706275
20110627,000000,2890,2900,2857,2858,17414029
20110628,000000,2871,2959,2867,2900,9515117
20110629,000000,2964,3012,2940,3012,6054259
20110702,000000,3065,3090,3020,3050,7741672
20110703,000000,3066,3099,2980,3010,12473274
20110704,000000,3010,3049,2980,2980,3086158
20110705,000000,3030,3068,2955,2979,4798381
20110706,000000,2970,3018,2952,2960,3202836
20110709,000000,2990,3013,2910,2935,1440649
20110710,000000,3030,3106,3000,3049,8276919
20110711,000000,3041,3051,3000,3048,2699038
20110712,000000,3025,3038,2995,3010,2469096
20110713,000000,3003,3020,3000,3012,5232596
20110716,000000,3020,3040,3010,3030,11755688
20110725,000000,2821,2879,2821,2827,9013578
20110726,000000,2842,2950,2833,2929,17231525
20110727,000000,2920,2945,2863,2869,6269650
20110730,000000,2884,2911,2831,2852,4837203
20110731,000000,2863,2863,2783,2800,16181189
20110801,000000,2835,2910,2830,2900,51914680
20110802,000000,2930,2959,2885,2898,9624495
20110803,000000,2905,2978,2905,2945,15935982
20110806,000000,2878,2888,2832,2864,8534224
20110807,000000,2888,2893,2850,2850,4337077
20110808,000000,2840,2887,2797,2839,9160970
20110809,000000,2800,2809,2714,2800,16993746
20110810,000000,2810,2845,2803,2845,6313804
20110813,000000,2840,2850,2810,2830,4928609
20110814,000000,2840,2841,2791,2799,5821856
20110815,000000,2801,2839,2775,2790,4459476
20110816,000000,2800,2818,2770,2780,5850207
20110817,000000,2799,2902,2789,2890,25632457
20110820,000000,2902,2950,2851,2881,9079971
20110821,000000,2900,2920,2863,2900,7091198
20110823,000000,2910,3005,2902,2992,12035439
20110824,000000,3028,3068,2960,2960,4954818
20110827,000000,3031,3060,2971,2985,4575492
20110828,000000,2986,2987,2920,2923,4039600
20110829,000000,2945,3094,2945,3094,55303034
20110830,000000,3128,3195,3107,3195,87856305
20110903,000000,3190,3250,3112,3200,14940090
20110904,000000,3200,3240,3150,3170,8116104
20110905,000000,3175,3270,3151,3204,7850764
20110906,000000,3227,3320,3176,3290,17186331
20110907,000000,3300,3399,3291,3399,111031790
20110910,000000,3400,3476,3390,3400,9095135
20110911,000000,3410,3449,3383,3414,21046794
20110912,000000,3357,3428,3357,3410,30116141
20110913,000000,3390,3392,3266,3281,13598489
20110914,000000,3280,3300,3208,3250,7421829
20110917,000000,3229,3309,3229,3250,34726889
20110918,000000,3250,3300,3240,3261,12789346
20110919,000000,3268,3282,3245,3256,3594351
20110920,000000,3272,3274,3250,3260,4411881
20110921,000000,3250,3274,3220,3240,4594104
20110925,000000,3137,3179,3129,3160,9283637
20110926,000000,3120,3150,3060,3125,6103189
20110927,000000,3151,3219,3151,3180,6300035
20110928,000000,3200,3200,3172,3179,1740236
20111001,000000,3180,3188,3132,3160,2278705
20111002,000000,3180,3186,3137,3146,2626729
20111003,000000,3140,3160,3101,3117,2610603
20111004,000000,3140,3150,3112,3117,2018211
20111005,000000,3139,3161,3120,3128,2550069
20111008,000000,3156,3198,3120,3130,5999594
20111009,000000,3130,3137,3099,3100,6069486
20111010,000000,3100,3130,3100,3125,6274353
20111011,000000,3125,3189,3125,3150,50337815
20111012,000000,3159,3180,3110,3120,4866232
20111015,000000,3120,3129,3075,3089,3040118
20111016,000000,3090,3090,3000,3000,7460102
20111017,000000,2950,3050,2950,3029,4533241
20111018,000000,3030,3048,3000,3022,2374203
20111019,000000,3033,3069,3004,3029,2682523
20111022,000000,3000,3020,2940,2950,5835647
20111023,000000,2950,2997,2930,2940,5658849
20111024,000000,2940,2940,2872,2882,3617451
20111025,000000,2913,2980,2913,2940,2277027
20111026,000000,2935,2945,2892,2892,3207483
20111029,000000,2940,2940,2870,2880,3753885
20111030,000000,2898,2898,2860,2880,3524171
20111031,000000,2889,2913,2870,2870,3488166
20111101,000000,2884,2884,2864,2883,3744026
20111102,000000,2911,2911,2840,2840,4206321
20111105,000000,2861,2861,2762,2790,4388221
20111106,000000,2751,2769,2716,2750,3574093
20111108,000000,2700,2730,2682,2700,4207594
20111109,000000,2750,2839,2740,2820,4249434
20111112,000000,2845,2860,2780,2780,2044947
20111113,000000,2797,2797,2720,2744,2707435
20111114,000000,2744,2789,2741,2750,1751303
20111116,000000,2773,2798,2740,2774,1966205
20111119,000000,2770,2849,2750,2770,2822661
20111120,000000,2790,2790,2734,2750,3889536
20111121,000000,2788,2788,2730,2733,1484744
20111122,000000,2720,2798,2648,2648,11425488
20111123,000000,2605,2648,2582,2586,4206740
20111126,000000,2600,2648,2581,2590,2617507
20111127,000000,2599,2599,2520,2520,8205300
20111128,000000,2500,2560,2444,2543,12798242
20111129,000000,2530,2618,2530,2599,4188230
20111130,000000,2560,2575,2490,2574,3619047
20111203,000000,2599,2630,2560,2595,3235335
20111204,000000,2600,2676,2600,2676,10778981
20111207,000000,2730,2767,2691,2708,8163996
20111210,000000,2780,2780,2623,2630,4616147
20111211,000000,2670,2670,2596,2599,3898803
20111212,000000,2619,2619,2580,2600,3207516
20111213,000000,2600,2649,2570,2580,2216439
20111214,000000,2600,2611,2584,2609,4184479
20111217,000000,2600,2600,2556,2560,2171105
20111218,000000,2576,2649,2575,2617,4281149
20111219,000000,2628,2633,2582,2584,3469169
20111220,000000,2600,2604,2580,2595,3167355
20111221,000000,2585,2604,2575,2600,2293805
20111224,000000,2580,2600,2550,2550,6015341
20111225,000000,2580,2580,2551,2577,3330191
20111226,000000,2573,2594,2551,2590,1621461
20111227,000000,2562,2580,2530,2550,2839587
20111228,000000,2552,2600,2550,2550,4217177
20111231,000000,2560,2660,2549,2630,16715394
20120101,000000,2695,2695,2620,2636,9616994
20120102,000000,2650,2680,2600,2640,3311272
20120103,000000,2655,2763,2653,2763,10579032
20120104,000000,2751,2849,2751,2810,13446272
20120107,000000,2812,2850,2740,2760,4963725
20120108,000000,2780,2840,2750,2800,4531668
20120109,000000,2800,2918,2781,2895,14696789
20120110,000000,2921,2970,2880,2880,3787001
20120111,000000,2866,2930,2860,2903,5516236
20120115,000000,2914,3021,2914,3021,16926605
20120116,000000,3069,3126,3060,3080,10833343
20120117,000000,3073,3099,2981,3001,8089455
20120118,000000,2981,3078,2917,3047,7154924
20120121,000000,3059,3100,3024,3043,3306164
20120123,000000,3015,3057,2950,2995,8487884
20120125,000000,2990,3005,2950,2963,8230350
20120128,000000,3050,3079,3000,3040,5544880
20120129,000000,3021,3021,2961,2972,3126717
20120130,000000,2999,3001,2980,2988,2147290
20120131,000000,3040,3118,3000,3050,11378325
20120201,000000,3096,3096,3020,3050,2991414
20120204,000000,3030,3050,2988,2990,4928093
20120205,000000,2981,2981,2912,2931,3956316
20120206,000000,2921,2940,2881,2915,2665044
20120207,000000,2900,2900,2871,2872,2935415
20120208,000000,2880,2945,2860,2940,2213881
20120212,000000,2920,2938,2872,2888,2890894
20120213,000000,2899,2900,2863,2865,1720149
20120214,000000,2860,2875,2790,2790,6033069
20120215,000000,2789,2850,2730,2850,2845153
20120221,000000,2768,2768,2661,2725,1139903
20120222,000000,2700,2711,2650,2700,6036765
20120225,000000,2686,2690,2656,2670,2446661
20120226,000000,2650,2748,2649,2712,2481181
20120227,000000,2749,2798,2744,2798,1856445
20120228,000000,2823,2823,2817,2823,8417061
20120229,000000,2850,2898,2818,2823,58628939
20120303,000000,2833,2895,2833,2849,2639996
20120304,000000,2869,2869,2802,2840,1146898
20120305,000000,2821,2868,2783,2820,1188235
20120306,000000,2800,2830,2772,2773,2500465
20120307,000000,2850,2934,2850,2883,3621107
20120310,000000,2916,2918,2850,2910,2615698
20120311,000000,2886,2986,2886,2960,10368043
20120312,000000,2970,2970,2850,2877,5509282
20120313,000000,2804,2937,2799,2920,3031055
20120314,000000,2919,2998,2919,2960,2518664
20120317,000000,2945,2965,2926,2949,6225480
20120318,000000,2931,3009,2931,3000,4421421
20120324,000000,3000,3086,3000,3086,1362977
20120325,000000,3107,3107,3015,3107,20618237
20120326,000000,3107,3107,3000,3090,4372115
20120327,000000,3082,3150,3082,3140,4562281
20120328,000000,3140,3170,3100,3145,2403686
20120402,000000,3090,3150,3049,3050,1616812
20120403,000000,3040,3050,2989,3005,2440265
20120404,000000,2990,3075,2990,3049,1358733
20120407,000000,3005,3050,3005,3017,1635542
20120408,000000,3020,3140,3020,3099,7176831
20120409,000000,3064,3182,3064,3139,7980770
20120410,000000,3150,3270,3150,3249,18226526
20120411,000000,3251,3269,3190,3250,4728417
20120414,000000,3185,3364,3185,3309,8860947
20120415,000000,3442,3442,3365,3380,19915446
20120416,000000,3355,3355,3286,3322,7589666
20120417,000000,3301,3320,3210,3312,2950037
20120418,000000,3300,3378,3300,3319,2626717
20120421,000000,3345,3345,3185,3212,3095427
20120422,000000,3249,3249,3187,3200,3886332
20120423,000000,3200,3200,3151,3191,3158411
20120424,000000,3180,3250,3170,3216,2752417
20120428,000000,3213,3230,3149,3149,3255546
20120429,000000,3150,3150,3071,3120,15428891
20120430,000000,3065,3134,3065,3130,4241001
20120501,000000,3102,3128,3095,3096,5618957
20120502,000000,3060,3100,3060,3099,17823644
20120505,000000,3099,3099,3057,3059,2244806
20120506,000000,3060,3150,3060,3085,4089026
20120507,000000,3061,3078,3057,3070,2622160
20120508,000000,3080,3080,3051,3073,1463239
20120509,000000,3071,3080,3021,3040,3562116
20120512,000000,3056,3056,2941,2941,2840812
20120513,000000,2921,2987,2906,2934,2527098
20120514,000000,2950,3000,2950,2980,3723028
20120515,000000,3000,3030,2946,2969,1874550
20120516,000000,2997,2997,2930,2930,898559
20120519,000000,2950,2950,2891,2910,919369
20120520,000000,2910,2940,2890,2910,1152206
20120521,000000,2920,2997,2900,2997,1018577
20120522,000000,3000,3040,2999,3010,1863177
20120523,000000,3047,3080,3041,3050,1561740
20120526,000000,3000,3000,2897,2934,1508696
20120527,000000,2944,2968,2932,2958,1235516
20120528,000000,2950,2960,2889,2890,2432036
20120529,000000,2900,2906,2888,2890,1386920
20120530,000000,2885,2901,2873,2873,2069932
20120602,000000,2890,2890,2850,2850,1363244
20120605,000000,2856,2870,2810,2840,740828
20120606,000000,2830,2839,2820,2830,910940
20120609,000000,2822,2822,2784,2784,845467
20120610,000000,2772,2820,2772,2782,4094499
20120611,000000,2828,2870,2820,2866,48365061
20120612,000000,2860,2860,2791,2791,904313
20120613,000000,2800,2850,2792,2835,10435084
20120616,000000,2830,2835,2796,2800,1141973
20120617,000000,2800,2810,2755,2777,1200357
20120619,000000,2757,2800,2757,2780,985160
20120620,000000,2790,2790,2709,2709,2814069
20120623,000000,2671,2671,2671,2671,458410
20120624,000000,2664,2680,2664,2664,10856112
20120625,000000,2565,2660,2559,2559,2815592
20120626,000000,2525,2527,2525,2525,1385197
20120627,000000,2507,2508,2507,2507,16387602
20120630,000000,2557,2597,2470,2504,3416489
20120701,000000,2525,2525,2475,2486,1510448
20120702,000000,2520,2540,2490,2510,47888997
20120703,000000,2530,2548,2494,2500,4143499
20120704,000000,2519,2528,2488,2515,5612272
20120707,000000,2534,2534,2495,2504,3644446
20120708,000000,2500,2500,2408,2408,13280468
20120709,000000,2425,2425,2358,2401,2948542
20120710,000000,2400,2450,2396,2400,7202207
20120711,000000,2446,2446,2400,2408,6154742
20120714,000000,2431,2459,2425,2451,2998011
20120801,000000,2130,2135,2126,2130,11507905
20120804,000000,2120,2120,2045,2045,5138024
20120805,000000,1999,2037,1999,1999,7216051
20120806,000000,1946,2058,1935,1941,6283112
20120807,000000,1965,1969,1912,1915,2410583
20120808,000000,1929,1954,1895,1934,2994028
20120811,000000,1960,2032,1960,2032,4183610
20120812,000000,2058,2058,1951,1982,1612962
20120813,000000,2000,2029,1977,2024,1116079
20120814,000000,2039,2074,2032,2074,4261304
20120815,000000,2116,2116,2116,2116,410692
20120818,000000,2120,2120,2120,2120,93043
20120821,000000,2121,2121,2121,2121,236896
20120822,000000,2123,2123,2123,2123,411239
20120825,000000,2127,2127,2127,2127,131775
20120826,000000,2210,2298,2210,2220,18895817
20120827,000000,2229,2248,2158,2239,3290918
20120902,000000,2240,2307,2211,2307,10945411
20120903,000000,2345,2380,2320,2380,29221944
20120904,000000,2400,2472,2380,2472,32040758
20120905,000000,2500,2529,2421,2455,9883881
20120908,000000,2457,2522,2431,2450,9133615
20120909,000000,2448,2478,2383,2429,9491040
20120910,000000,2393,2491,2393,2491,20392385
20120911,000000,2502,2530,2420,2420,7093799
20120915,000000,2500,2576,2481,2555,11617227
20120916,000000,2557,2600,2490,2547,3638600
20120917,000000,2500,2598,2500,2540,5726483
20120918,000000,2550,2590,2500,2510,4304599
20120919,000000,2508,2549,2460,2469,5310293
20120922,000000,2470,2606,2470,2606,21596603
20120923,000000,2690,2700,2586,2680,17403845
20120924,000000,2621,2700,2588,2670,6704904
20120925,000000,2651,2729,2642,2691,17317124
20120926,000000,2735,2790,2730,2790,17921694
20120929,000000,2899,2899,2862,2899,24890309
20120930,000000,3014,3014,2862,2926,32184553
20121001,000000,2930,2980,2861,2861,14254058
20121002,000000,2851,3020,2799,2999,29467609
20121003,000000,3031,3031,2971,2974,44360056
20121006,000000,3020,3069,2960,2998,15023088
20121007,000000,3030,3132,3016,3100,26233023
20121008,000000,3130,3197,3110,3186,14179511
20121009,000000,3233,3245,3112,3130,9762991
20121010,000000,3101,3101,3047,3055,15357552
20121013,000000,3039,3039,2938,2938,6563929
20121014,000000,2911,3090,2883,3065,17517899
20121015,000000,3086,3136,3076,3100,19274999
20121016,000000,3100,3200,3091,3114,16780143
20121017,000000,3123,3280,3101,3267,29384570
20121022,000000,3781,3820,3691,3735,79095495
20121023,000000,3740,3790,3621,3691,26462618
20121024,000000,3676,3848,3670,3790,29981039
20121027,000000,3802,3894,3792,3823,21047064
20121028,000000,3859,3859,3738,3754,15481359
20121029,000000,3745,3750,3670,3702,17394623
20121030,000000,3683,3790,3640,3660,24970059
20121031,000000,3639,3640,3555,3600,22302046
20121104,000000,3590,3649,3520,3550,12572818
20121105,000000,3520,3520,3436,3436,21829919
20121106,000000,3410,3560,3410,3526,12865310
20121107,000000,3599,3647,3550,3647,24120300
20121110,000000,3650,3650,3530,3559,9398520
20121111,000000,3566,3581,3470,3480,4484830
20121112,000000,3479,3539,3400,3480,6618830
20121113,000000,3480,3588,3480,3530,7127959
20121114,000000,3552,3670,3552,3589,12081923
20121117,000000,3580,3580,3481,3481,9300002
20121118,000000,3480,3520,3440,3466,5102913
20121119,000000,3485,3485,3381,3391,6739661
20121120,000000,3380,3495,3333,3420,5210516
20121121,000000,3429,3500,3425,3450,2535256
20121126,000000,3500,3550,3452,3550,4466318
20121127,000000,3619,3621,3582,3621,5766289
20121128,000000,3640,3725,3600,3660,22072695
20121201,000000,3661,3798,3658,3764,14322958
20121202,000000,3772,3875,3741,3790,22968001
20121203,000000,3800,3831,3731,3780,31421963
20121204,000000,3830,3900,3820,3840,23964462
20121205,000000,3850,4007,3850,4007,32876728
20121208,000000,4138,4138,4073,4090,43365928
20121209,000000,4099,4250,4085,4198,28345352
20121210,000000,4250,4316,4210,4239,23252596
20121211,000000,4255,4299,4192,4200,14359720
20121212,000000,4189,4189,4140,4186,22959399
20121215,000000,4200,4295,4190,4209,9648790
20121216,000000,4230,4380,4212,4380,22790040
20121217,000000,4485,4507,4471,4507,13508635
20121218,000000,4678,4678,4603,4678,65878747
20121219,000000,4740,4859,4701,4729,31519409
20121222,000000,4800,4800,4680,4731,18619565
20121223,000000,4810,4942,4810,4942,29799690
20121224,000000,5110,5128,5009,5127,35905689
20121225,000000,5120,5150,4908,4909,25082051
20121226,000000,4902,5177,4900,5040,23914038
20121229,000000,5030,5105,4902,4923,20466968
20121230,000000,4897,4897,4761,4820,21367178
20121231,000000,4830,4995,4830,4995,12600121
20130101,000000,5000,5070,4850,4875,11566172
20130102,000000,4960,4960,4755,4830,5136607
20130106,000000,4813,4880,4667,4710,11642722
20130107,000000,4702,4799,4680,4770,9781395
20130108,000000,4803,4848,4755,4790,7493763
20130109,000000,4770,4888,4763,4880,9244506
20130113,000000,4857,4994,4850,4861,22185752
20130114,000000,4896,5064,4881,5064,26280904
20130115,000000,5119,5219,5010,5010,13592903
20130116,000000,5040,5100,4965,5020,18537755
20130119,000000,4870,4888,4846,4846,22094106
20130120,000000,4721,4840,4685,4700,12365464
20130121,000000,4760,4840,4567,4568,14405747
20130122,000000,4501,4549,4466,4466,17614126
20130123,000000,4556,4648,4556,4648,20620367
20130126,000000,4768,4790,4646,4653,8582727
20130127,000000,4650,4650,4493,4493,12479283
20130128,000000,4421,4600,4421,4540,7451630
20130130,000000,4542,4590,4421,4440,3335126
20130202,000000,4491,4620,4410,4420,13024548
20130205,000000,4475,4530,4400,4470,1881451
20130206,000000,4520,4673,4520,4673,15193953
20130209,000000,4680,4800,4610,4798,9060396
20130211,000000,4806,4912,4806,4912,13641875
20130212,000000,4990,5074,4804,4830,36355088
20130213,000000,4800,4896,4780,4790,5103138
20130216,000000,4825,4867,4750,4845,6721053
20130217,000000,4839,4951,4792,4850,10126044
20130218,000000,4895,4945,4792,4800,9186536
20130219,000000,4835,4850,4725,4744,9468896
20130220,000000,4750,4797,4702,4721,7984451
20130223,000000,4700,4700,4588,4640,6121713
20130224,000000,4620,4620,4463,4463,9972996
20130225,000000,4462,4500,4360,4470,22799528
20130226,000000,4402,4580,4402,4549,5130268
20130227,000000,4600,4680,4500,4590,225783985
20130302,000000,4500,4500,4330,4330,18428526
20130303,000000,4350,4450,4301,4350,88973628
20130304,000000,4375,4450,4282,4300,6558561
20130305,000000,4300,4338,4181,4197,8812987
20130306,000000,4202,4250,4099,4170,14028822
20130309,000000,4200,4298,4132,4156,58153600
20130310,000000,4198,4365,4171,4365,36123748
20130311,000000,4400,4457,4200,4240,3116586
20130312,000000,4240,4350,4174,4320,35483725
20130313,000000,4270,4467,4270,4363,64964663
20130316,000000,4380,4429,4267,4267,648001016
20130317,000000,4200,4260,4190,4221,397108047
20130318,000000,4250,4388,4230,4388,6772449
20130325,000000,4470,4470,4470,4470,11274013
20130326,000000,4648,4648,4558,4610,9270526
20130327,000000,4630,4630,4490,4500,5078018
20130330,000000,4500,4535,4419,4520,3296359
20130331,000000,4524,4579,4500,4530,2525712
20130403,000000,4496,4496,4360,4402,2499661
20130406,000000,4421,4455,4315,4335,3259583
20130407,000000,4385,4385,4280,4336,2212861
20130408,000000,4300,4417,4280,4310,4635708
20130409,000000,4300,4400,4300,4336,14304820
20130410,000000,4340,4340,4277,4301,9209687
20130413,000000,4260,4277,4200,4277,7010571
20130415,000000,4174,4340,4174,4282,4253015
20130416,000000,4283,4310,4240,4260,7787362
20130417,000000,4261,4265,4198,4220,6055000
20130420,000000,4220,4220,4082,4100,7062357
20130421,000000,4100,4300,4068,4190,5708776
20130422,000000,4200,4319,4200,4319,8124532
20130423,000000,4470,4484,4413,4484,7911315
20130424,000000,4590,4590,4368,4371,7636381
20130427,000000,4371,4438,4302,4420,5140081
20130428,000000,4401,4489,4356,4401,6857189
20130429,000000,4420,4577,4420,4550,17873925
20130430,000000,4573,4610,4451,4460,8257638
20130501,000000,4470,4540,4470,4494,9898567
20130504,000000,4603,4687,4603,4687,11739782
20130505,000000,4869,4869,4560,4725,22727829
20130506,000000,4700,4740,4613,4682,10147367
20130507,000000,4730,4730,4500,4600,4557204
20130508,000000,4552,4590,4440,4500,10331677
20130511,000000,4451,4680,4451,4600,9706444
20130512,000000,4770,4770,4488,4530,6419324
20130513,000000,4540,4540,4451,4451,4236867
20130514,000000,4450,4450,4371,4381,4758361
20130515,000000,4400,4550,4280,4310,5817939
20130518,000000,4350,4350,4191,4191,5185016
20130519,000000,4100,4340,4100,4302,2625777
20130520,000000,4299,4376,4250,4280,1074114
20130521,000000,4281,4359,4200,4310,2361767
20130522,000000,4250,4310,4150,4300,1802244
20130525,000000,4300,4425,4293,4425,1705624
20130526,000000,4459,4459,4360,4370,2121155
20130527,000000,4398,4400,4193,4300,5838055
20130528,000000,4330,4380,4260,4360,1916548
20130529,000000,4350,4450,4345,4450,6110450
20130601,000000,4576,4576,4400,4430,3041062
20130602,000000,4455,4550,4435,4479,2275233
20130603,000000,4502,4509,4431,4458,1823223
20130608,000000,4480,4480,4351,4353,2205806
20130609,000000,4400,4447,4360,4410,2438639
20130610,000000,4410,4500,4405,4462,1671005
20130611,000000,4486,4609,4470,4609,5377176
20130612,000000,4702,4702,4632,4702,14471775
20130615,000000,4885,4885,4885,4885,1255664
20130616,000000,4917,4917,4917,4917,5106962
20130617,000000,5047,5047,4980,5047,61177395
20130618,000000,5050,5150,4980,5020,14919792
20130619,000000,5000,5000,4920,4964,6072871
20130622,000000,4880,4900,4781,4782,15984106
20130623,000000,4709,4850,4700,4805,7086772
20130625,000000,4813,4976,4777,4940,8042229
20130626,000000,5045,5045,4890,4960,7412429
20130629,000000,5040,5171,5000,5170,11380243
20130630,000000,5190,5306,5120,5306,28007637
20130701,000000,5380,5500,5230,5240,11745911
20130702,000000,5180,5230,5124,5130,18654872
20130703,000000,5050,5198,5021,5103,17667453
20130706,000000,5131,5317,5131,5317,22704720
20130707,000000,5350,5364,5100,5206,12065624
20130708,000000,5162,5200,5090,5150,6453461
20130709,000000,5103,5180,4980,5067,6282424
20130710,000000,5142,5290,5080,5111,10182165
20130713,000000,5150,5150,5000,5050,5893325
20130714,000000,5074,5074,4941,5000,7597664
20130715,000000,5020,5070,4962,4972,5014125
20130716,000000,5000,5048,4972,5020,28511163
20130728,000000,3590,3590,3581,3582,14323744
20130729,000000,3680,3733,3601,3733,19276853
20130731,000000,3860,3860,3860,3860,10051147
20130803,000000,3980,4013,3840,3889,33981232
20130804,000000,3900,3929,3780,3790,10098002
20130805,000000,3850,3850,3720,3780,4457936
20130806,000000,3800,3930,3720,3880,7682996
20130807,000000,3929,3988,3790,3800,14245885
20130811,000000,3890,3950,3806,3818,7015193
20130812,000000,3864,3864,3753,3820,4358280
20130813,000000,3830,3830,3700,3700,6932357
20130814,000000,3737,3797,3670,3709,4765486
20130817,000000,3765,3830,3650,3698,7571980
20130818,000000,3700,3740,3633,3650,7008246
20130819,000000,3688,3716,3650,3686,4724259
20130820,000000,3700,3700,3630,3640,3106473
20130821,000000,3651,3658,3628,3650,3754345
20130824,000000,3650,3650,3602,3627,2892649
20130825,000000,3630,3633,3598,3598,4250999
20130826,000000,3580,3599,3535,3590,4420854
20130827,000000,3580,3720,3450,3470,7319953
20130828,000000,3410,3460,3408,3408,9374565
20130831,000000,3380,3544,3380,3500,6090255
20130901,000000,3525,3621,3525,3621,5570391
20130903,000000,3696,3696,3550,3552,4597672
20130904,000000,3480,3480,3452,3452,1549089
20130907,000000,3425,3430,3425,3425,4381904
20130908,000000,3400,3495,3400,3470,5952277
20130909,000000,3546,3546,3458,3480,2609113
20130910,000000,3595,3610,3570,3610,2151976
20130911,000000,3650,3650,3650,3650,9468610
20130914,000000,3740,3740,3550,3650,3520357
20130915,000000,3679,3750,3601,3620,4763824
20130916,000000,3620,3660,3574,3626,2468046
20130917,000000,3649,3710,3620,3630,2178796
20130918,000000,3740,3740,3681,3699,5052861
20130921,000000,3710,3740,3655,3667,6242842
20130922,000000,3685,3685,3569,3650,2419320
20130923,000000,3669,3746,3650,3695,6737350
20130924,000000,3714,3714,3685,3700,3578054
20130925,000000,3720,3740,3645,3650,4537839
20130928,000000,3750,3750,3673,3695,7857600
20130929,000000,3740,3740,3660,3733,6689959
20130930,000000,3703,3858,3703,3858,17073342
20131001,000000,3901,3987,3851,3960,13981611
20131002,000000,3960,3991,3880,3940,7277520
20131005,000000,3960,3980,3880,3950,5110006
20131006,000000,3851,4025,3851,3983,6531833
20131007,000000,3990,3997,3911,3930,4835510
20131008,000000,3910,3970,3890,3917,7593229
20131009,000000,3900,4000,3871,3970,369647413
20131012,000000,3940,4069,3920,4069,367353866
20131013,000000,4231,4231,4133,4190,201292316
20131014,000000,4280,4392,4160,4370,135299839
20131015,000000,4370,4489,4370,4489,18246906
20131019,000000,4660,4660,4522,4567,29044462
20131020,000000,4500,4687,4469,4560,15236816
20131021,000000,4719,4735,4650,4650,20608525
20131022,000000,4700,4700,4510,4530,5339147
20131023,000000,4549,4700,4409,4660,8569511
20131026,000000,4676,4700,4560,4561,14447384
20131027,000000,4561,4562,4454,4500,7112016
20131028,000000,4490,4550,4470,4550,3714642
20131029,000000,4490,4555,4413,4455,3752230
20131030,000000,4470,4524,4450,4461,3926819
20131102,000000,4460,4465,4400,4410,3819169
20131103,000000,4440,4440,4377,4380,6572470
20131104,000000,4362,4380,4340,4347,2851168
20131105,000000,4390,4440,4373,4380,3781275
20131106,000000,4399,4420,4360,4368,3861500
20131109,000000,4400,4439,4332,4348,4258374
20131110,000000,4321,4322,4195,4229,5673617
20131111,000000,4205,4265,4172,4199,5754889
20131112,000000,4211,4357,4180,4300,4687689
20131116,000000,4350,4401,4250,4292,4761046
20131117,000000,4370,4370,4280,4287,2427126
20131118,000000,4290,4464,4280,4464,4215736
20131119,000000,4524,4524,4400,4498,11229274
20131120,000000,4542,4542,4423,4440,3171858
20131123,000000,4499,4538,4372,4400,6131568
20131124,000000,4455,4486,4350,4410,5939843
20131125,000000,4418,4418,4280,4291,8241741
20131126,000000,4340,4349,4246,4250,5566183
20131127,000000,4270,4365,4212,4260,15883419
20131130,000000,4251,4360,4237,4350,9099342
20131201,000000,4330,4490,4330,4487,33475054
20131202,000000,4535,4565,4400,4450,9402475
20131203,000000,4559,4560,4380,4430,4242279
20131204,000000,4361,4480,4325,4330,3940964
20131207,000000,4399,4399,4297,4321,4490561
20131208,000000,4299,4465,4261,4350,10769352
20131209,000000,4450,4500,4380,4430,9877723
20131210,000000,4479,4614,4479,4614,18106317
20131211,000000,4689,4689,4510,4530,7268591
20131214,000000,4407,4599,4407,4460,7618600
20131215,000000,4500,4650,4499,4650,11911278
20131216,000000,4796,4796,4780,4796,31236972
20131217,000000,4850,4850,4630,4681,11065284
20131218,000000,4651,4797,4534,4534,15092779
20131221,000000,4501,4600,4422,4440,15370751
20131222,000000,4500,4520,4396,4400,60546016
20131224,000000,4500,4596,4471,4596,32186832
20131225,000000,4760,4760,4760,4760,5992272
20131228,000000,4907,4907,4810,4900,74324534
20131229,000000,4899,4899,4730,4735,10794157
20131230,000000,4741,4850,4710,4800,10178082
20140101,000000,4870,4870,4725,4725,7745000
20140104,000000,4841,5006,4732,5006,15253701
20140105,000000,5022,5121,4940,5100,12292364
20140106,000000,5125,5200,5010,5130,6591199
20140107,000000,5161,5170,4976,5007,9529044
20140108,000000,5000,5029,4923,4999,11767171
20140111,000000,5030,5155,4972,5000,34639918
20140112,000000,4910,4980,4824,4950,10789353
20140113,000000,4932,5006,4900,4910,13842907
20140114,000000,4998,4998,4781,4860,4759418
20140115,000000,4810,4898,4720,4800,11529622
20140118,000000,4703,4840,4674,4700,3201520
20140120,000000,4650,4740,4577,4577,4441394
20140121,000000,4600,4800,4520,4560,4874840
20140122,000000,4561,4599,4493,4493,6560433
20140125,000000,4450,4698,4440,4480,5905074
20140126,000000,4500,4577,4394,4394,5175412
20140127,000000,4322,4449,4319,4399,6691727
20140128,000000,4402,4549,4401,4430,1724613
20140129,000000,4433,4582,4406,4582,4881187
20140201,000000,4591,4630,4500,4550,3896724
20140202,000000,4589,4589,4350,4390,2559953
20140203,000000,4410,4449,4350,4448,2132355
20140204,000000,4411,4441,4303,4350,3060418
20140205,000000,4260,4330,4252,4252,2635652
20140208,000000,4212,4250,4212,4212,16841252
20140209,000000,4085,4370,4085,4365,364471314
20140210,000000,4369,4380,4210,4297,386119797
20140212,000000,4221,4221,4195,4195,2375230
20140215,000000,4161,4369,4158,4200,1429561
20140216,000000,4260,4470,4202,4400,2512858
20140217,000000,4360,4467,4250,4359,4222183
20140218,000000,4280,4281,4185,4274,2744734
20140219,000000,4250,4370,4201,4315,3960291
20140222,000000,4300,4350,4260,4314,3163778
20140223,000000,4251,4280,4188,4200,2829974
20140224,000000,4175,4175,4120,4150,3346587
20140225,000000,4110,4111,4069,4069,2790658
20140226,000000,4029,4105,4029,4060,3019661
20140301,000000,4001,4160,4001,4110,2438524
20140302,000000,4028,4100,3990,4009,2982487
20140303,000000,4000,4000,3939,3939,2845520
20140304,000000,3910,4040,3900,3997,2133048
20140305,000000,3979,4099,3960,4041,2756116
20140308,000000,4060,4060,3950,4029,7638241
20140309,000000,3950,3969,3901,3910,1990993
20140310,000000,3900,3958,3900,3942,2047297
20140311,000000,3911,3950,3881,3917,1768273
20140312,000000,3876,4095,3840,3990,14407619
20140315,000000,3950,4126,3950,4126,25325646
20140316,000000,4170,4244,4150,4244,294436057
20140317,000000,4287,4319,4202,4319,12032571
20140318,000000,4325,4400,4229,4255,518443000
20140319,000000,4300,4338,4230,4300,2932433
20140325,000000,4349,4349,4280,4281,1050613
20140326,000000,4309,4309,4171,4190,1183230
20140329,000000,4190,4230,4135,4230,889408
20140330,000000,4181,4284,4142,4280,1102556
20140331,000000,4290,4294,4180,4200,2599289
20140405,000000,4240,4240,4150,4170,2365684
20140406,000000,4136,4160,4090,4120,3316797
20140407,000000,4101,4190,4080,4094,1592575
20140408,000000,4100,4186,4089,4106,2929708
20140409,000000,4137,4178,4081,4127,361816894
20140412,000000,4100,4143,4020,4031,2195652
20140413,000000,4014,4148,3992,4037,365835340
20140414,000000,4000,4050,3981,4010,9254751
20140415,000000,3900,4020,3900,4000,6572960
20140416,000000,4018,4085,3980,3981,3515574
20140419,000000,4000,4000,3845,3955,1384706
20140420,000000,4040,4110,4031,4070,4095961
20140421,000000,4060,4179,4050,4179,16750846
20140422,000000,4290,4330,4233,4233,17165137
20140423,000000,4316,4344,4160,4317,15132847
20140426,000000,4320,4490,4320,4486,12695783
20140427,000000,4560,4560,4330,4331,4629231
20140428,000000,4330,4453,4276,4400,11562361
20140429,000000,4390,4438,4300,4330,4006732
20140430,000000,4300,4380,4300,4350,2370312
20140503,000000,4380,4380,4270,4302,2472307
20140504,000000,4367,4377,4281,4325,2089042
20140505,000000,4349,4398,4300,4367,3072850
20140506,000000,4370,4397,4310,4351,15729992
20140507,000000,4379,4379,4304,4338,2101043
20140510,000000,4334,4349,4282,4290,1893142
20140511,000000,4285,4299,4183,4232,1275952
20140512,000000,4200,4250,4170,4210,1469606
20140514,000000,4310,4310,4172,4300,3193717
20140517,000000,4180,4263,4160,4263,2308107
20140518,000000,4279,4279,4157,4170,4094808
20140519,000000,4200,4246,4150,4151,3126735
20140520,000000,4240,4290,4240,4252,10178652
20140521,000000,4290,4294,4252,4260,43689185
20140524,000000,4292,4292,4200,4222,1337479
20140525,000000,4210,4278,4168,4180,26878822
20140526,000000,4180,4180,4130,4150,2916079
20140528,000000,4120,4169,4120,4160,1909181
20140531,000000,4200,4200,4116,4117,5638023
20140601,000000,4167,4167,4033,4090,1701718
20140602,000000,4150,4154,4081,4082,1986649
20140603,000000,4150,4179,4073,4073,1461952
20140607,000000,4140,4140,4050,4056,1559813
20140608,000000,4100,4100,4001,4040,1217450
20140609,000000,4049,4049,4006,4006,1335230
20140610,000000,4035,4039,4002,4010,1160710
20140611,000000,4091,4099,3943,3944,4156717
20140614,000000,4040,4070,3898,3898,2919046
20140615,000000,3980,3980,3865,3900,2178869
20140616,000000,3900,3990,3885,3900,2118330
20140617,000000,3949,3949,3822,3826,3597074
20140618,000000,3851,3930,3850,3928,3304563
20140621,000000,3950,4050,3930,4015,3394793
20140622,000000,4020,4104,3996,4104,6541512
20140623,000000,4066,4090,4000,4000,3676580
20140624,000000,4050,4099,3952,3952,7891802
20140625,000000,4050,4080,3893,3979,9306858
20140628,000000,3990,3990,3867,3880,1413407
20140629,000000,3880,3880,3853,3853,1117674
20140630,000000,3838,3858,3838,3838,2406399
20140701,000000,3804,3959,3804,3933,2827114
20140702,000000,3890,3949,3890,3912,2280948
20140705,000000,3980,4094,3980,4080,5770698
20140706,000000,4080,4098,3889,3899,1769199
20140707,000000,3920,3938,3880,3926,2049164
20140708,000000,3901,4078,3900,4001,3043357
20140709,000000,4035,4068,3921,4040,2968157
20140712,000000,4050,4090,4011,4059,2197069
20140713,000000,4080,4090,4010,4080,4251038
20140714,000000,4090,4090,4040,4050,4192004
20140715,000000,4021,4060,3879,3900,9046767
20140723,000000,3350,3399,3330,3340,2854596
20140726,000000,3389,3430,3360,3370,3774353
20140727,000000,3420,3420,3350,3367,1870314
20140728,000000,3371,3372,3335,3350,2758895
20140810,000000,2759,2759,2660,2750,4285245
20140811,000000,2736,2740,2681,2685,103638282
20140812,000000,2700,2740,2680,2690,7831770
20140813,000000,2700,2700,2637,2640,1815622
20140816,000000,2680,2680,2610,2610,3036092
20140817,000000,2640,2640,2583,2599,2214874
20140818,000000,2600,2650,2567,2573,1756704
20140819,000000,2590,2700,2553,2607,10483090
20140820,000000,2650,2650,2551,2556,1200332
20140823,000000,2570,2680,2541,2542,7722800
20140824,000000,2577,2577,2512,2518,6334137
20140825,000000,2558,2558,2468,2476,1897050
20140826,000000,2529,2529,2490,2490,2397161
20140827,000000,2538,2580,2480,2498,2917618
20140830,000000,2540,2540,2474,2480,1159328
20140831,000000,2525,2525,2436,2458,1991871
20140901,000000,2489,2498,2450,2470,1470132
20140902,000000,2470,2489,2430,2446,1641014
20140903,000000,2450,2502,2421,2470,7054735
20140906,000000,2515,2515,2470,2480,3036167
20140907,000000,2500,2590,2470,2577,5530869
20140908,000000,2580,2610,2550,2587,10883313
20140909,000000,2580,2637,2520,2575,22046889
20140910,000000,2560,2600,2501,2570,1556403
20140913,000000,2600,2600,2492,2500,1721569
20140914,000000,2593,2595,2482,2550,3882939
20140915,000000,2549,2550,2513,2539,1368060
20140916,000000,2550,2550,2500,2500,1041626
20140917,000000,2547,2547,2500,2529,1228194
20140920,000000,2548,2548,2519,2522,887889
20140921,000000,2550,2550,2500,2504,1705697
20140922,000000,2549,2549,2506,2520,1614170
20140923,000000,2544,2544,2500,2504,1449499
20140924,000000,2520,2520,2500,2501,1138037
20140927,000000,2520,2520,2489,2494,1784647
20140928,000000,2530,2531,2470,2480,18823554
20140929,000000,2522,2522,2470,2515,13220336
20140930,000000,2514,2599,2512,2580,3741633
20141001,000000,2590,2606,2530,2565,2811009
20141004,000000,2599,2599,2560,2599,1520835
20141006,000000,2594,2600,2570,2580,1014629
20141007,000000,2562,2596,2550,2551,23450173
20141008,000000,2587,2587,2540,2553,2081552
20141014,000000,2587,2589,2520,2520,787597
20141015,000000,2554,2599,2537,2551,2936765
20141018,000000,2560,2644,2540,2621,2664091
20141019,000000,2601,2601,2579,2601,1615689
20141020,000000,2604,2675,2604,2670,19639247
20141021,000000,2700,2728,2626,2650,3544955
20141022,000000,2674,2680,2590,2638,2853992
20141025,000000,2635,2640,2596,2606,2054596
20141026,000000,2655,2670,2616,2616,2564934
20141027,000000,2675,2675,2590,2630,1933190
20141028,000000,2647,2647,2595,2600,1355345
20141029,000000,2630,2630,2597,2610,3799744
20141101,000000,2623,2669,2590,2595,5404540
20141102,000000,2629,2650,2575,2595,3182024
20141105,000000,2610,2619,2580,2618,4046102
20141108,000000,2620,2648,2579,2583,7283227
20141109,000000,2599,2600,2567,2585,2400806
20141110,000000,2598,2598,2567,2580,3409539
20141111,000000,2588,2601,2551,2577,3920468
20141112,000000,2589,2600,2550,2550,2407975
20141115,000000,2580,2580,2500,2518,1732991
20141116,000000,2548,2548,2505,2516,1847207
20141117,000000,2519,2547,2498,2500,2674667
20141118,000000,2529,2529,2470,2490,3182110
20141119,000000,2470,2495,2440,2450,4384973
20141122,000000,2495,2495,2434,2440,2963009
20141123,000000,2463,2541,2460,2476,2263071
20141124,000000,2491,2540,2441,2441,6133222
20141125,000000,2460,2460,2389,2389,2689085
20141126,000000,2401,2444,2369,2369,5588721
20141129,000000,2399,2399,2322,2322,9808182
20141130,000000,2360,2360,2242,2242,11903517
20141201,000000,2252,2343,2244,2289,15317141
20141202,000000,2342,2342,2252,2268,1590136
20141203,000000,2300,2300,2232,2232,1662083
20141206,000000,2250,2373,2215,2300,15506602
20141207,000000,2300,2300,2252,2252,1329851
20141208,000000,2270,2310,2250,2270,1277253
20141209,000000,2270,2298,2234,2240,5180032
20141210,000000,2251,2255,2216,2216,1219284
20141214,000000,2217,2248,2198,2200,5356559
20141215,000000,2195,2195,2155,2160,5334608
20141216,000000,2126,2200,2126,2135,1734451
20141217,000000,2181,2181,2125,2126,577491
20141220,000000,2141,2180,2113,2170,1180516
20141222,000000,2190,2219,2180,2186,1659025
20141224,000000,2200,2200,2145,2158,841693
20141227,000000,2123,2190,2114,2189,1502799
20141228,000000,2181,2209,2169,2185,1208789
20141229,000000,2182,2243,2182,2190,72187222
20141230,000000,2190,2210,2151,2190,2086866
20141231,000000,2191,2210,2150,2150,1834372
20150103,000000,2190,2200,2151,2188,798863
20150104,000000,2199,2199,2158,2162,526304
20150105,000000,2180,2210,2170,2188,1415931
20150106,000000,2200,2218,2138,2164,1590820
20150107,000000,2186,2190,2158,2179,3700733
20150110,000000,2175,2184,2097,2097,13370205
20150111,000000,2071,2118,2064,2095,1400926
20150112,000000,2066,2149,2066,2138,1319737
20150113,000000,2120,2120,2071,2090,695229
20150114,000000,2101,2101,2076,2100,550968
20150117,000000,2100,2100,2081,2099,2054202
20150118,000000,2080,2081,2040,2042,1320712
20150119,000000,2050,2050,2033,2033,1143765
20150120,000000,2050,2050,2025,2030,701090
20150121,000000,2049,2049,2020,2020,583814
20150124,000000,2016,2016,2016,2016,709058
20150125,000000,2011,2011,2011,2011,621774
20150126,000000,2006,2006,2006,2006,607762
20150127,000000,2001,2001,2001,2001,2794438
20150128,000000,1981,2040,1981,2006,7934671
20150131,000000,2000,2055,2000,2025,5147258
20150201,000000,2038,2039,1992,1999,14789563
20150202,000000,2000,2032,1980,2000,51929674
20150203,000000,2049,2049,1981,2020,3155538
20150204,000000,2010,2031,2001,2010,1491590
20150207,000000,2029,2030,1997,2000,3330278
20150208,000000,2000,2000,1970,1980,1335202
20150209,000000,1990,2005,1941,1941,1713540
20150210,000000,1934,1997,1934,1950,3519033
20150214,000000,1996,1996,1942,1955,454037
20150215,000000,1991,1991,1923,1932,1710716
20150216,000000,1924,2006,1924,1999,25453739
20150217,000000,2005,2006,1950,1975,1344713
20150218,000000,1997,2010,1942,1942,37069729
20150221,000000,1980,1999,1954,1954,1960183
20150222,000000,1970,1979,1917,1917,3953017
20150223,000000,1920,1970,1890,1910,16469407
20150224,000000,1900,1943,1888,1896,3202958
20150225,000000,1900,1910,1849,1880,6087351
20150228,000000,1850,1856,1814,1844,2523300
20150301,000000,1883,1883,1844,1867,8556413
20150302,000000,1852,1909,1852,1908,1504343
20150303,000000,1910,1911,1890,1910,41996703
20150304,000000,1920,1951,1886,1886,8454428
20150307,000000,1937,1937,1852,1868,2136010
20150308,000000,1899,1930,1876,1915,5239861
20150309,000000,1920,1925,1900,1920,3038896
20150310,000000,1914,1930,1900,1900,2824844
20150311,000000,1921,1929,1909,1909,9733113
20150314,000000,1924,1930,1850,1880,4938648
20150315,000000,1891,1919,1891,1900,2323618
20150316,000000,1910,1915,1897,1900,2221777
20150317,000000,1920,1923,1896,1915,667523
20150318,000000,1920,1977,1908,1910,7909237
20150325,000000,1950,1950,1911,1920,1083259
20150328,000000,1960,1996,1911,1995,3581975
20150329,000000,1999,2022,1996,2022,6042766
20150330,000000,2084,2089,2010,2035,3730970
20150331,000000,2050,2100,2022,2091,4103688
20150404,000000,2151,2151,2151,2151,10688581
20150405,000000,2237,2237,2233,2237,44197173
20150406,000000,2290,2300,2162,2215,10329716
20150407,000000,2240,2240,2180,2180,10639228
20150408,000000,2190,2230,2150,2151,5962208
20150411,000000,2190,2190,2105,2120,6717229
20150412,000000,2110,2111,2057,2058,9916218
20150413,000000,2050,2065,2000,2048,2150742
20150414,000000,2016,2070,2008,2050,2319352
20150415,000000,2050,2075,2030,2073,12722999
20150418,000000,2060,2138,2030,2130,9793802
20150419,000000,2171,2171,2060,2130,3518339
20150420,000000,2102,2149,2065,2078,2837668
20150421,000000,2081,2110,2072,2110,2222535
20150422,000000,2100,2100,2050,2050,2470964
20150425,000000,2082,2082,2040,2040,2824528
20150426,000000,2041,2054,2020,2040,1350092
20150427,000000,2010,2024,2000,2018,3067520
20150428,000000,1981,2000,1981,1986,1963363
20150429,000000,2001,2040,1999,2037,2046961
20150503,000000,2020,2020,1980,1980,2406614
20150504,000000,2000,2000,1970,1981,1413722
20150505,000000,1972,1990,1939,1940,2688988
20150506,000000,1935,1979,1929,1950,2198423
20150509,000000,1944,1950,1890,1896,2393974
20150510,000000,1900,1939,1892,1895,1716840
20150511,000000,1886,1930,1886,1930,1178293
20150512,000000,1924,1985,1920,1925,1608157
20150513,000000,1930,1950,1925,1933,1516505
20150517,000000,1930,2007,1910,2003,3457558
20150518,000000,1995,1995,1960,1978,1081281
20150519,000000,1980,1980,1952,1975,378934
20150520,000000,1980,1995,1961,1991,2851928
20150523,000000,1995,1998,1956,1970,3251747
20150524,000000,1982,2040,1982,2020,2702662
20150525,000000,2000,2028,2000,2012,1291130
20150526,000000,2001,2020,1999,2001,1953086
20150527,000000,2019,2020,1980,2003,2297407
20150530,000000,2000,2010,1940,1967,1899043
20150531,000000,1970,2010,1950,1952,1578071
20150601,000000,2000,2020,1980,2020,3189244
20150602,000000,2011,2025,1990,2017,4848529
20150606,000000,2012,2017,1983,1983,2059051
20150607,000000,2000,2000,1921,1954,1785963
20150608,000000,2000,2000,1922,1939,2595951
20150609,000000,1926,1937,1895,1900,3508602
20150610,000000,1940,1940,1898,1899,4798168
20150613,000000,1906,1908,1888,1895,2404060
20150614,000000,1902,1902,1880,1880,2689646
20150615,000000,1894,1894,1857,1860,2036576
20150616,000000,1884,1886,1852,1866,2086731
20150617,000000,1880,1935,1870,1910,1738289
20150620,000000,1945,1945,1882,1888,1397446
20150621,000000,1915,1924,1900,1900,1806941
20150622,000000,1900,1920,1898,1903,1579321
20150623,000000,1891,1940,1891,1920,1225003
20150624,000000,1903,1940,1889,1935,1936389
20150627,000000,1920,1930,1898,1910,1961195
20150628,000000,1899,1900,1881,1896,2615485
20150629,000000,1891,1900,1883,1900,960674
20150630,000000,1891,1940,1891,1929,1660329
20150701,000000,1940,1941,1917,1930,3070811
20150704,000000,1930,1945,1911,1920,7014050
20150705,000000,1938,1938,1900,1900,4686162
20150706,000000,1911,1911,1883,1905,4370751
20150707,000000,1900,1910,1860,1900,15638867
20150711,000000,1900,1900,1851,1898,4096921
20150712,000000,1901,1917,1890,1910,4403518
20150713,000000,1931,1950,1880,1885,14861968
20150714,000000,1920,1920,1860,1870,9103670
20150715,000000,1887,1899,1820,1860,10850856
20150909,000000,1170,1207,1170,1180,14460212
20150912,000000,1200,1235,1164,1166,7140864
20150913,000000,1171,1171,1140,1160,3132523
20150914,000000,1169,1198,1163,1177,5650260
20150915,000000,1179,1180,1135,1149,1696706
20150916,000000,1150,1158,1125,1144,4113979
20150919,000000,1140,1154,1110,1110,2729045
20150920,000000,1112,1125,1089,1089,6050942
20150921,000000,1070,1120,1055,1080,3898627
20150922,000000,1099,1100,1070,1070,4108563
20150923,000000,1073,1094,1068,1070,2748959
20150926,000000,1077,1087,1055,1065,1432476
20150927,000000,1075,1082,1055,1060,2989073
20150928,000000,1069,1079,1057,1061,3974692
20150929,000000,1075,1095,1070,1090,3485117
20150930,000000,1099,1099,1078,1081,4107385
20151003,000000,1082,1100,1077,1087,3894320
20151004,000000,1096,1128,1081,1128,13162227
20151005,000000,1120,1158,1120,1145,2664993
20151006,000000,1149,1166,1125,1158,4979316
20151007,000000,1157,1188,1157,1179,5657134
20151010,000000,1165,1189,1147,1160,5801407
20151028,000000,1107,1107,1060,1066,6358695
20151031,000000,1061,1080,1048,1075,4096207
20151101,000000,1075,1075,1053,1070,5991981
20151102,000000,1070,1074,1058,1060,1900397
20151103,000000,1074,1074,1060,1071,2077919
20151104,000000,1062,1079,1062,1078,2369047
20151107,000000,1077,1090,1066,1090,4257111
20151108,000000,1099,1120,1070,1085,6446793
20151109,000000,1099,1112,1075,1084,1995991
20151110,000000,1091,1094,1078,1094,3691983
20151111,000000,1098,1098,1075,1075,14244813
20151114,000000,1090,1096,1070,1090,2105187
20151115,000000,1081,1104,1080,1098,5277975
20151116,000000,1090,1104,1087,1090,17624171
20151117,000000,1091,1099,1085,1090,1190479
20151118,000000,1098,1119,1085,1119,2987734
20151121,000000,1109,1130,1089,1130,6726643
20151122,000000,1120,1134,1112,1120,4493492
20151123,000000,1116,1143,1108,1110,25793343
20151124,000000,1135,1140,1105,1120,4944017
20151125,000000,1138,1145,1110,1133,5128262
20151128,000000,1129,1138,1109,1110,8720698
20151129,000000,1110,1160,1109,1160,6919181
20151130,000000,1143,1170,1110,1168,14385706
20151201,000000,1126,1138,1120,1120,3678474
20151205,000000,1130,1131,1109,1110,1292824
20151206,000000,1100,1110,1073,1078,2030701
20151207,000000,1076,1090,1070,1070,1305344
20151208,000000,1070,1119,1066,1117,18021056
20151209,000000,1079,1090,1070,1075,2728760
20151213,000000,1095,1095,1065,1068,1880627
20151214,000000,1065,1085,1063,1069,1412087
20151215,000000,1071,1083,1066,1070,1129796
20151216,000000,1080,1118,1065,1097,8470821
20151219,000000,1071,1079,1064,1065,1224922
20151220,000000,1064,1100,1050,1057,20343017
20151221,000000,1060,1100,1060,1100,10559121
20151222,000000,1072,1111,1070,1090,11871613
20151223,000000,1080,1110,1074,1099,4655880
20151226,000000,1099,1099,1064,1067,2994606
20151227,000000,1080,1082,1060,1068,3451026
20151228,000000,1064,1081,1060,1060,2992397
20151230,000000,1070,1074,1058,1062,1593381
20160102,000000,1076,1078,1050,1051,3335121
20160103,000000,1060,1084,1040,1050,18147736
20160104,000000,1067,1067,1030,1036,8338864
20160105,000000,1050,1050,1028,1033,6091727
20160106,000000,1062,1062,1030,1040,9132782
20160109,000000,1050,1050,1011,1012,5082694
20160110,000000,1010,1020,998,1001,5206855
20160111,000000,1000,1030,1000,1005,4502523
20160112,000000,1010,1020,999,1000,7577074
20160113,000000,1001,1007,995,1002,7761819
20160116,000000,1019,1040,1003,1024,9939689
20160117,000000,1050,1059,1000,1002,15096857
20160118,000000,1000,1050,999,1035,7618030
20160119,000000,1035,1051,1029,1033,4707453
20160120,000000,1021,1060,1018,1041,6468174
20160123,000000,1056,1085,1056,1084,9429664
20160124,000000,1090,1120,1085,1120,55876423
20160125,000000,1174,1174,1168,1174,219539914
20160126,000000,1219,1220,1175,1178,84861629
20160127,000000,1200,1210,1147,1147,50435885
20160130,000000,1141,1199,1111,1125,38673783
20160131,000000,1130,1158,1110,1130,24342674
20160201,000000,1144,1190,1135,1190,82136085
20160202,000000,1239,1239,1201,1239,200292727
20160203,000000,1275,1300,1250,1300,247682646
20160206,000000,1320,1343,1278,1285,47986438
20160207,000000,1295,1340,1251,1268,73182113
20160208,000000,1295,1354,1251,1354,102283592
20160209,000000,1387,1387,1320,1336,113292438
20160210,000000,1336,1369,1309,1310,41850966
20160213,000000,1320,1320,1270,1270,29931513
20160214,000000,1277,1289,1215,1250,35207756
20160215,000000,1286,1297,1260,1289,28719396
20160216,000000,1309,1309,1238,1258,29165062
20160217,000000,1273,1325,1221,1325,81726508
20160220,000000,1358,1383,1270,1338,108104917
20160221,000000,1369,1376,1313,1338,56930294
20160222,000000,1340,1381,1339,1351,32372069
20160223,000000,1367,1367,1290,1339,62376352
20160224,000000,1339,1340,1295,1295,12948025
20160227,000000,1291,1339,1280,1294,18245856
20160228,000000,1297,1317,1270,1271,15691093
20160229,000000,1280,1309,1254,1267,37120485
20160301,000000,1287,1296,1250,1250,16671936
20160302,000000,1260,1264,1225,1241,23774075
20160305,000000,1255,1298,1245,1260,37113213
20160306,000000,1271,1290,1251,1259,28669010
20160307,000000,1258,1269,1245,1262,34399051
20160308,000000,1285,1324,1269,1324,309032240
20160309,000000,1344,1383,1335,1383,135527086
20160312,000000,1442,1442,1442,1442,69320719
20160314,000000,1514,1514,1481,1514,230157722
20160315,000000,1519,1519,1437,1437,126143639
20160316,000000,1440,1470,1380,1450,71444636
20160326,000000,1469,1474,1420,1474,82707686
20160327,000000,1530,1540,1461,1515,71864856
20160328,000000,1523,1525,1460,1476,39408328
20160329,000000,1494,1494,1426,1455,43250694
20160330,000000,1450,1505,1410,1460,43809882
20160402,000000,1480,1490,1420,1422,24124207
20160403,000000,1440,1447,1364,1390,29460493
20160404,000000,1398,1430,1390,1400,34700087
20160405,000000,1405,1440,1379,1390,42226303
20160406,000000,1426,1426,1382,1385,33351788
20160409,000000,1409,1438,1391,1408,20616000
20160410,000000,1409,1437,1380,1383,66259319
20160411,000000,1400,1422,1381,1408,19403632
20160412,000000,1450,1467,1390,1390,106771653
20160413,000000,1420,1458,1346,1352,48102035
20160416,000000,1430,1434,1343,1343,23312743
20160417,000000,1310,1390,1297,1362,25866431
20160418,000000,1393,1419,1393,1419,17883611
20160419,000000,1486,1486,1431,1470,117008305
20160420,000000,1475,1527,1430,1439,56228054
20160423,000000,1476,1485,1413,1426,35912985
20160424,000000,1440,1449,1403,1425,26555605
20160425,000000,1422,1467,1422,1440,26052523
20160426,000000,1425,1440,1399,1410,24042726
20160427,000000,1429,1429,1381,1397,17858226
20160430,000000,1400,1432,1390,1397,19363889
20160501,000000,1400,1400,1369,1378,11381171
20160502,000000,1380,1408,1369,1382,36373070
20160503,000000,1400,1400,1356,1357,15961836
20160504,000000,1356,1404,1318,1330,56848538
20160507,000000,1369,1389,1310,1340,38099855
20160508,000000,1334,1389,1317,1320,34333310
20160509,000000,1332,1369,1318,1320,20285302
20160510,000000,1311,1376,1292,1319,46056840
20160511,000000,1330,1363,1286,1310,39672408
20160514,000000,1319,1355,1312,1321,15174689
20160515,000000,1310,1333,1290,1299,36946392
20160516,000000,1300,1318,1275,1281,56450414
20160517,000000,1277,1313,1275,1280,36796283
20160518,000000,1292,1344,1292,1303,27798861
20160521,000000,1320,1328,1288,1300,18595133
20160523,000000,1300,1300,1282,1285,30400682
20160524,000000,1285,1289,1272,1273,18077060
20160525,000000,1285,1318,1273,1287,32397855
20160528,000000,1300,1301,1269,1271,11001557
20160529,000000,1284,1294,1249,1251,47400052
20160530,000000,1260,1280,1255,1268,8824486
20160531,000000,1262,1267,1241,1241,10036850
20160601,000000,1249,1269,1244,1257,13666639
20160605,000000,1250,1269,1250,1250,23243383
20160606,000000,1241,1250,1230,1242,8250318
20160607,000000,1249,1249,1222,1230,7738041
20160608,000000,1230,1258,1206,1213,28375943
20160611,000000,1221,1232,1174,1177,16945926
20160612,000000,1185,1217,1158,1186,31067939
20160613,000000,1182,1214,1160,1185,25602779
20160614,000000,1175,1212,1150,1171,41357481
20160615,000000,1166,1187,1161,1170,8310160
20160618,000000,1180,1188,1136,1136,8767860
20160619,000000,1136,1177,1121,1135,20255593
20160620,000000,1123,1148,1120,1130,6280591
20160621,000000,1137,1189,1123,1189,32791859
20160622,000000,1189,1209,1180,1209,10573181
20160625,000000,1207,1210,1173,1191,24972912
20160626,000000,1208,1228,1170,1200,28698079
20160628,000000,1221,1272,1220,1234,75842801
20160629,000000,1245,1259,1200,1224,41121366
20160702,000000,1235,1263,1230,1250,19512994
20160703,000000,1251,1251,1231,1231,8441623
20160704,000000,1234,1267,1200,1208,27391202
20160705,000000,1215,1243,1201,1216,5437415
20160709,000000,1234,1244,1185,1190,14452276
20160710,000000,1196,1250,1186,1199,25817150
20160711,000000,1203,1241,1189,1200,27328910
20160712,000000,1200,1237,1195,1196,25296180
20160713,000000,1210,1237,1190,1210,30630656
20160716,000000,1207,1251,1201,1241,32713966
20160717,000000,1240,1290,1229,1270,55033316
20160723,000000,1260,1272,1253,1264,6839933
20160724,000000,1269,1327,1269,1327,96241850
20160725,000000,1340,1367,1289,1318,33079683
20160726,000000,1278,1329,1271,1286,23357926
20160727,000000,1358,1358,1282,1286,59720502
20160731,000000,1297,1355,1297,1314,68178685
20160801,000000,1308,1312,1278,1280,58668233
20160802,000000,1311,1330,1301,1310,30806589
20160803,000000,1328,1338,1299,1302,17220364
20160806,000000,1305,1384,1300,1369,105234217
20160807,000000,1370,1407,1337,1337,52320497
20160808,000000,1347,1347,1317,1330,7519416
20160809,000000,1337,1350,1330,1331,8180324
20160810,000000,1340,1345,1308,1312,8444785
20160813,000000,1319,1344,1296,1300,26114978
20160814,000000,1311,1320,1300,1302,5097859
20160815,000000,1301,1310,1290,1294,6653039
20160816,000000,1290,1329,1280,1328,13937942
20160817,000000,1299,1310,1287,1300,3623463
20160820,000000,1290,1296,1282,1286,3557084
20160821,000000,1285,1307,1260,1285,21814619
20160822,000000,1288,1288,1261,1265,4971680
20160823,000000,1261,1285,1260,1261,7601229
20160824,000000,1260,1290,1259,1260,19877898
20160827,000000,1262,1263,1242,1250,10128196
20160828,000000,1249,1249,1200,1215,14190313
20160829,000000,1201,1246,1200,1222,12536296
20160830,000000,1240,1250,1213,1249,7591622
20160831,000000,1250,1250,1216,1216,5601965
20160903,000000,1220,1238,1194,1200,8319975
20160904,000000,1210,1210,1177,1181,7371136
20160905,000000,1198,1199,1187,1190,24969211
20160906,000000,1198,1198,1182,1188,3889842
20160907,000000,1190,1201,1189,1201,4495904
20160910,000000,1200,1214,1181,1200,11499595
20160911,000000,1212,1212,1189,1196,3412007
20160913,000000,1193,1204,1185,1185,3438521
20160914,000000,1181,1210,1180,1190,6708450
20160917,000000,1182,1199,1180,1185,3951666
20160918,000000,1181,1195,1175,1175,11182391
20160919,000000,1174,1191,1174,1182,2619738
20160921,000000,1185,1196,1180,1188,4834792
20160924,000000,1190,1207,1190,1201,6439227
20160925,000000,1202,1207,1184,1184,6641359
20160926,000000,1186,1194,1185,1193,4962365
20160927,000000,1199,1241,1193,1231,17237913
20160928,000000,1230,1260,1218,1225,8603062
20161001,000000,1247,1251,1220,1228,4871618
20161002,000000,1236,1239,1199,1201,7191190
20161003,000000,1201,1216,1182,1186,11797840
20161004,000000,1192,1207,1192,1195,7824366
20161005,000000,1200,1209,1181,1184,7236619
20161008,000000,1186,1205,1186,1195,3542811
20161009,000000,1192,1235,1192,1222,10204486
20161010,000000,1220,1230,1210,1220,4682229
20161015,000000,1230,1246,1219,1231,7919203
20161016,000000,1221,1240,1210,1210,6427343
20161017,000000,1230,1230,1210,1230,26259852
20161018,000000,1230,1230,1200,1200,9484745
20161019,000000,1220,1238,1210,1229,18894200
20161022,000000,1240,1250,1227,1239,8764455
20161023,000000,1244,1244,1212,1223,7257243
20161024,000000,1233,1238,1211,1214,9380587
20161025,000000,1228,1280,1228,1254,28328055
20161026,000000,1253,1316,1250,1316,83347900
20161029,000000,1326,1371,1326,1331,47184271
20161030,000000,1339,1339,1301,1310,16473448
20161031,000000,1306,1329,1286,1300,26623243
20161101,000000,1308,1315,1269,1270,21123121
20161102,000000,1290,1302,1285,1292,6781734
20161105,000000,1283,1300,1270,1278,6840888
20161106,000000,1280,1297,1268,1297,7336643
20161107,000000,1295,1339,1295,1332,16951393
20161108,000000,1339,1376,1330,1369,51644605
20161109,000000,1296,1350,1288,1340,48545271
20161112,000000,1369,1370,1352,1370,159801816
20161113,000000,1380,1380,1332,1350,22493564
20161114,000000,1344,1359,1331,1340,23887201
20161115,000000,1342,1357,1311,1316,11654804
20161116,000000,1310,1325,1291,1291,12604097
20161119,000000,1300,1333,1281,1328,12719442
20161121,000000,1320,1332,1300,1309,4714095
20161122,000000,1311,1329,1309,1320,7933064
20161123,000000,1319,1321,1304,1305,8720436
20161126,000000,1320,1350,1310,1312,12294168
20161127,000000,1329,1330,1310,1320,7232114
20161129,000000,1307,1360,1307,1360,16611761
20161203,000000,1327,1348,1310,1331,12130998
20161204,000000,1331,1360,1324,1345,27511836
20161205,000000,1365,1402,1358,1390,85008765
20161206,000000,1400,1456,1385,1412,162692651
20161207,000000,1414,1470,1410,1444,70418126
20161210,000000,1441,1441,1399,1400,19231114
20161211,000000,1396,1400,1378,1394,12830063
20161212,000000,1400,1424,1385,1397,12652333
20161213,000000,1390,1410,1390,1397,6710011
20161214,000000,1390,1438,1382,1420,24915880
20161218,000000,1408,1448,1404,1410,13992421
20161219,000000,1428,1429,1391,1419,9331849
20161220,000000,1400,1413,1384,1402,14249311
20161221,000000,1382,1419,1382,1411,6186715
20161224,000000,1398,1404,1385,1385,5281105
20161225,000000,1391,1398,1377,1382,10173483
20161226,000000,1390,1411,1386,1410,21928570
20161227,000000,1407,1409,1377,1381,16364490
20161228,000000,1380,1382,1362,1365,12129871
20161231,000000,1360,1377,1352,1358,8745289
20170101,000000,1360,1360,1340,1346,9231106
20170102,000000,1348,1397,1345,1380,17175228
20170103,000000,1367,1385,1355,1370,9856959
20170104,000000,1370,1399,1370,1398,10919616
20170107,000000,1400,1410,1387,1388,15230630
20170108,000000,1394,1420,1378,1412,15864974
20170109,000000,1397,1420,1378,1403,13565685
20170111,000000,1400,1431,1400,1411,17634207
20170114,000000,1420,1433,1403,1415,9178460
20170115,000000,1420,1459,1405,1434,17459075
20170116,000000,1421,1455,1421,1436,19057010
20170117,000000,1448,1450,1425,1450,13005289
20170118,000000,1440,1485,1427,1451,24228603
20170121,000000,1451,1472,1442,1443,11491564
20170122,000000,1441,1470,1440,1441,18173166
20170123,000000,1445,1468,1436,1455,15673107
20170124,000000,1440,1463,1439,1450,17837770
20170125,000000,1450,1456,1428,1430,9821791
20170128,000000,1439,1445,1401,1409,10687236
20170129,000000,1402,1418,1395,1418,7936988
20170130,000000,1400,1420,1397,1407,6864928
20170131,000000,1407,1420,1391,1418,14385633
20170201,000000,1400,1419,1396,1401,5461156
20170204,000000,1400,1400,1361,1370,10537077
20170205,000000,1370,1380,1356,1379,12495512
20170206,000000,1373,1379,1362,1370,5858866
20170207,000000,1369,1375,1356,1357,7971399
20170208,000000,1356,1398,1351,1373,7812930
20170211,000000,1380,1401,1352,1367,13775716
20170212,000000,1365,1400,1353,1387,18302752
20170213,000000,1375,1400,1369,1370,13491339
20170214,000000,1364,1415,1363,1389,19430037
20170215,000000,1381,1430,1380,1415,12774958
20170226,000000,1420,1437,1401,1401,28541559
20170227,000000,1418,1430,1402,1410,24506808
20170228,000000,1410,1430,1407,1410,26256400
20170301,000000,1410,1420,1405,1414,19061482
20170304,000000,1410,1429,1400,1408,15380475
20170305,000000,1399,1428,1382,1390,13276201
20170306,000000,1408,1420,1389,1390,11328354
20170307,000000,1386,1420,1380,1400,23203705
20170308,000000,1398,1418,1382,1384,7798083
20170311,000000,1398,1415,1369,1369,28690206
20170312,000000,1395,1400,1369,1370,18750568
20170313,000000,1372,1399,1351,1360,20466463
20170318,000000,1394,1430,1388,1409,7948662
20170325,000000,1427,1427,1393,1412,2215304
20170326,000000,1400,1420,1385,1404,5580798
20170327,000000,1410,1420,1389,1410,6028539
20170328,000000,1410,1419,1393,1407,3323272
20170329,000000,1410,1420,1393,1410,2758171
20170403,000000,1412,1412,1394,1396,2837101
20170404,000000,1407,1420,1390,1400,8468208
20170405,000000,1408,1418,1396,1400,6588089
20170408,000000,1390,1407,1385,1385,11042275
20170409,000000,1381,1400,1381,1388,9990092
20170410,000000,1389,1390,1365,1365,16309268
20170412,000000,1390,1390,1330,1340,36179735
20170415,000000,1360,1371,1319,1338,102363933
20170416,000000,1320,1353,1320,1320,60936003
20170417,000000,1319,1365,1311,1330,16338905
20170418,000000,1350,1352,1313,1313,32620987
20170419,000000,1317,1386,1317,1333,23501677
20170422,000000,1336,1348,1329,1332,9855281
20170423,000000,1329,1335,1318,1335,9746180
20170424,000000,1339,1360,1318,1325,11922528
20170426,000000,1348,1358,1329,1355,8636685
20170429,000000,1360,1372,1341,1350,18461688
20170430,000000,1342,1380,1333,1350,10434448
20170501,000000,1350,1378,1343,1360,12023346
20170502,000000,1361,1363,1344,1344,3642451
20170503,000000,1350,1380,1340,1380,8274997
20170506,000000,1350,1375,1336,1340,3750833
20170507,000000,1338,1370,1329,1350,17205115
20170508,000000,1360,1380,1343,1349,10312028
20170509,000000,1342,1380,1341,1369,13990751
20170510,000000,1360,1389,1350,1371,22472853
20170513,000000,1352,1379,1350,1353,6131796
20170514,000000,1352,1373,1346,1351,9796974
20170515,000000,1350,1378,1340,1345,10043116
20170516,000000,1358,1371,1341,1348,6343443
20170517,000000,1377,1377,1330,1335,14906745
20170520,000000,1351,1372,1344,1344,4345263
20170521,000000,1361,1377,1345,1363,7663949
20170522,000000,1365,1371,1351,1360,9123709
20170523,000000,1351,1381,1348,1355,10180590
20170524,000000,1374,1398,1355,1390,14617656
20170527,000000,1385,1416,1380,1385,9190499
20170528,000000,1380,1415,1380,1390,7776437
20170529,000000,1390,1419,1390,1392,9921926
20170530,000000,1385,1430,1385,1400,19349853
20170531,000000,1400,1428,1388,1389,25747128
20170603,000000,1390,1396,1384,1388,3994494
20170606,000000,1400,1418,1380,1415,9767260
20170607,000000,1410,1410,1361,1390,4522419
20170610,000000,1395,1409,1388,1407,6741977
20170611,000000,1407,1409,1387,1395,9921404
20170612,000000,1389,1400,1385,1386,1616187
20170613,000000,1384,1399,1376,1381,2586039
20170614,000000,1377,1400,1377,1383,1853264
20170617,000000,1398,1400,1360,1361,7050920
20170618,000000,1377,1396,1360,1363,16935760
20170625,000000,1400,1417,1399,1417,16106372
20170628,000000,1411,1454,1411,1432,10254788
20170701,000000,1441,1457,1439,1440,19991212
20170702,000000,1435,1459,1418,1418,17224346
20170703,000000,1422,1446,1421,1432,8757442
20170704,000000,1421,1446,1421,1433,9747544
20170705,000000,1430,1455,1430,1443,12735686
20170708,000000,1449,1450,1439,1446,14878854
20170709,000000,1447,1453,1445,1450,21690765
20170710,000000,1449,1522,1445,1520,61655018
20170711,000000,1502,1521,1496,1497,22519882
20170712,000000,1485,1521,1485,1518,14755660
20170715,000000,1507,1544,1507,1529,39327013
20170716,000000,1532,1551,1531,1543,25342052
20170717,000000,1541,1621,1529,1619,114850435
20170723,000000,1635,1635,1580,1602,134810511
20170724,000000,1600,1643,1584,1625,99618612
20170725,000000,1619,1638,1614,1630,49937327
20170726,000000,1634,1710,1634,1650,87808056
20170729,000000,1670,1670,1617,1651,17008431
20170730,000000,1642,1680,1642,1656,18527808
20170731,000000,1652,1714,1652,1690,43822176
20170801,000000,1716,1716,1690,1700,35333955
20170802,000000,1700,1701,1683,1689,22294532
20170806,000000,1695,1695,1655,1660,23831412
20170807,000000,1677,1692,1671,1681,27063210
20170808,000000,1690,1700,1673,1700,27933850
20170809,000000,1700,1769,1700,1763,89115078
20170812,000000,1777,1802,1751,1800,30246469
20170813,000000,1762,1815,1762,1779,26572950
20170814,000000,1780,1810,1766,1805,51987922
20170815,000000,1800,1801,1760,1770,26089712
20170816,000000,1780,1790,1767,1775,14102512
20170819,000000,1786,1810,1780,1791,25739060
20170820,000000,1780,1800,1773,1794,13978955
20170821,000000,1798,1809,1787,1791,26090115
20170822,000000,1805,1860,1800,1819,37676155
20170823,000000,1840,1840,1816,1827,32351336
20170826,000000,1835,1910,1823,1870,50203913
20170827,000000,1879,1879,1857,1873,17674886
20170828,000000,1875,1912,1856,1910,34431612
20170829,000000,1916,1982,1916,1940,98542716
20170830,000000,1957,1965,1881,1900,28666469
20170902,000000,1919,1919,1869,1880,12482740
20170903,000000,1898,1908,1864,1877,9253296
20170904,000000,1860,1930,1860,1898,15274811
20170905,000000,1900,1952,1900,1923,14255174
20170906,000000,1909,1943,1897,1924,10995856
20170910,000000,1876,1900,1861,1883,11471433
20170911,000000,1888,1923,1870,1910,27180535
20170912,000000,1900,1933,1900,1922,14588444
20170913,000000,1910,1946,1900,1940,40641068
20170916,000000,1918,1943,1900,1900,25413420
20170917,000000,1900,1938,1900,1929,12609609
20170918,000000,1907,2000,1907,1983,30503244
20170919,000000,1980,2034,1980,2019,37552672
20170920,000000,2020,2048,2020,2035,36264921
20170923,000000,2016,2016,1985,2000,25885423
20170924,000000,2004,2010,1961,1973,16453193
20170925,000000,1978,1985,1956,1970,19469986
20170926,000000,1959,1969,1956,1960,15552918
20170927,000000,1966,1998,1956,1998,21247509
20171002,000000,1994,1999,1945,1950,20957984
20171003,000000,1945,1962,1939,1950,19784431
20171004,000000,1942,1960,1939,1942,13666016
20171007,000000,1936,1959,1905,1906,16910088
20171008,000000,1929,1930,1887,1905,31080227
20171009,000000,1900,1929,1900,1912,10491709
20171010,000000,1933,1950,1926,1940,7441629
20171011,000000,1944,1960,1916,1950,15988809
20171014,000000,1966,2006,1962,1980,20750405
20171015,000000,1988,2012,1985,2010,45305402
20171016,000000,2011,2055,2011,2048,39440098
20171017,000000,2037,2103,2037,2100,88615056
20171018,000000,2111,2130,2099,2126,46270556
20171021,000000,2240,2280,2230,2270,111715486
20171022,000000,2290,2315,2230,2230,39722918
20171023,000000,2250,2287,2203,2287,38848602
20171024,000000,2281,2355,2279,2342,49835197
20171025,000000,2335,2380,2335,2362,27032435
20171028,000000,2379,2420,2360,2408,44755740
20171029,000000,2426,2430,2366,2376,38666187
20171030,000000,2380,2381,2337,2340,24200634
20171031,000000,2332,2372,2299,2332,28780922
20171101,000000,2349,2349,2317,2330,22244931
20171104,000000,2307,2340,2307,2329,16958764
20171105,000000,2321,2329,2310,2313,14480849
20171106,000000,2310,2327,2290,2307,26571452
20171107,000000,2300,2322,2300,2313,12887741
20171108,000000,2309,2350,2300,2300,10386660
20171111,000000,2300,2330,2269,2279,19620945
20171112,000000,2268,2300,2261,2290,13946740
20171113,000000,2311,2348,2311,2345,19888384
20171114,000000,2340,2370,2333,2360,16406770
20171115,000000,2356,2420,2353,2408,40450398
20171118,000000,2407,2430,2407,2420,16247263
20171120,000000,2430,2462,2423,2460,31069687
20171121,000000,2452,2560,2452,2559,55922640
20171122,000000,2550,2614,2550,2609,39858499
20171125,000000,2650,2674,2598,2600,27140064
20171126,000000,2630,2712,2572,2690,54014316
20171128,000000,2700,2772,2681,2745,72760572
20171129,000000,2774,2774,2691,2720,43316491
20171202,000000,2725,2765,2725,2730,18620043
20171203,000000,2712,2735,2670,2699,32881516
20171204,000000,2692,2720,2671,2710,22092725
20171205,000000,2700,2720,2690,2702,11162686
20171209,000000,2701,2752,2701,2738,12672857
20171210,000000,2730,2742,2729,2733,11960200
20171211,000000,2720,2796,2720,2771,48019020
20171212,000000,2781,2909,2781,2900,56136860
20171213,000000,2900,2945,2800,2800,88434887
20171216,000000,2840,2900,2800,2898,124551445
20171217,000000,2900,2949,2830,2869,183433032
20171218,000000,2860,2900,2854,2860,32281473
20171219,000000,2851,2874,2848,2849,24026270
20171220,000000,2853,2936,2852,2920,36335911
20171223,000000,2929,3025,2929,3010,92302517
20171224,000000,3002,3034,2999,3020,26851650
20171225,000000,3021,3124,3020,3119,78531773
20171226,000000,3127,3129,3024,3090,38307067
20171227,000000,3080,3087,3001,3005,48098134
20171230,000000,3000,3041,2911,2983,72586869
20171231,000000,2950,3005,2850,3001,170346099
20180101,000000,2963,3014,2943,2965,41629722
20180102,000000,2980,2990,2924,2940,47074830
20180103,000000,2970,2970,2913,2950,20388813
20180106,000000,2905,2976,2905,2931,30003330
20180107,000000,2950,2957,2857,2870,33622303
20180108,000000,2890,2922,2865,2871,29104036
20180109,000000,2891,2895,2851,2861,18197832
20180110,000000,2850,2870,2834,2840,37371765
20180113,000000,2895,2917,2846,2874,21902045
20180114,000000,2899,2999,2891,2970,72815892
20180115,000000,3000,3035,3000,3017,45304390
20180116,000000,3040,3080,3035,3067,46843572
20180117,000000,3050,3137,3050,3099,48264548
20180120,000000,3090,3130,2985,3000,29352618
20180121,000000,3000,3000,2957,2975,17826533
20180122,000000,2973,3025,2968,2982,15470465
20180123,000000,2985,3010,2970,3010,17127052
20180124,000000,3012,3047,2950,2950,38447670
20180127,000000,2964,2964,2890,2918,41606913
20180128,000000,2910,2934,2891,2894,27187774
20180129,000000,2890,2900,2860,2867,23928711
20180130,000000,2881,2904,2851,2851,21020330
20180131,000000,2851,2894,2842,2849,17209294
20180203,000000,2840,2848,2777,2789,33971980
20180204,000000,2785,2830,2780,2795,25181768
20180205,000000,2805,2844,2782,2834,20516541
20180206,000000,2845,2897,2830,2896,32850443
20180207,000000,2899,2989,2883,2985,41917158
20180213,000000,3011,3015,2968,2974,28072068
20180214,000000,2982,3005,2969,2993,24340332
20180217,000000,2968,2990,2915,2920,16064570
20180218,000000,2920,2960,2885,2900,16337263
20180219,000000,2873,2940,2873,2900,10921340
20180221,000000,2899,2899,2849,2890,19205208
20180224,000000,2875,2875,2840,2845,12536904
20180225,000000,2846,2890,2841,2853,11187659
20180226,000000,2876,2918,2868,2900,19768483
20180227,000000,2912,2975,2912,2931,22021266
20180228,000000,2945,2969,2925,2944,9792666
20180303,000000,2930,2930,2856,2857,20232509
20180304,000000,2850,2900,2850,2861,15824500
20180305,000000,2877,2886,2856,2856,14815132
20180306,000000,2857,2900,2850,2851,15025026
20180307,000000,2870,2880,2849,2850,25338045
20180310,000000,2875,2878,2820,2822,24699626
20180311,000000,2820,2832,2803,2830,18563047
20180312,000000,2833,2850,2818,2840,9861803
20180313,000000,2849,2880,2843,2870,21989200
20180314,000000,2879,2880,2834,2855,15954051
20180317,000000,2864,2870,2834,2853,16235924
20180318,000000,2849,2850,2819,2826,17839730
20180319,000000,2844,2905,2828,2875,14782742
20180325,000000,2900,2900,2850,2870,4996777
20180326,000000,2898,2900,2867,2894,4871709
20180327,000000,2871,2898,2869,2880,6262255
20180328,000000,2895,2962,2893,2960,27284175
20180403,000000,2972,3009,2971,2985,17451836
20180404,000000,2980,2995,2941,2950,6403809
20180407,000000,2961,2961,2860,2875,12142140
20180408,000000,2880,2898,2820,2860,24483397
20180409,000000,2899,3007,2855,3007,71882390
20180410,000000,2949,2949,2845,2910,31965771
20180411,000000,2920,2920,2845,2860,20625075
20180415,000000,2899,2900,2835,2839,7683619
20180416,000000,2854,2857,2780,2790,22152127
20180417,000000,2800,2850,2800,2811,9995389
20180418,000000,2815,2868,2795,2800,19423324
20180421,000000,2810,2810,2748,2755,15460879
20180422,000000,2777,2777,2709,2720,21161331
20180423,000000,2710,2780,2705,2767,12102022
20180424,000000,2751,2847,2751,2824,10168338
20180425,000000,2810,2870,2810,2842,12916078
20180428,000000,2839,2839,2760,2770,9476921
20180429,000000,2755,2808,2745,2756,6729069
20180430,000000,2750,2777,2725,2732,12316400
20180501,000000,2724,2791,2716,2779,9289806
20180505,000000,2779,2783,2716,2716,11348083
20180506,000000,2721,2818,2721,2780,21158893
20180507,000000,2770,2869,2770,2850,15209253
20180508,000000,2851,2885,2812,2823,12619088
20180509,000000,2845,2845,2741,2770,82480996
20180512,000000,2799,2848,2778,2780,54993816
20180513,000000,2810,2823,2793,2818,34008762
20180514,000000,2824,2860,2823,2850,32605876
20180515,000000,2866,2885,2840,2849,14729419
20180516,000000,2860,2864,2841,2858,17896328
20180519,000000,2850,2870,2840,2855,13550682
20180520,000000,2851,2910,2851,2910,19134426
20180521,000000,2911,2936,2896,2918,28889926
20180522,000000,2920,2958,2919,2923,22488717
20180523,000000,2911,2969,2911,2960,40031614
20180526,000000,2990,3095,2982,3070,90732912
20180527,000000,3077,3077,3026,3049,34966579
20180528,000000,3047,3083,3035,3045,32109161
20180529,000000,3062,3071,3051,3060,18736708
20180530,000000,3069,3155,3060,3155,70955603
20180602,000000,3152,3220,3152,3189,46675306
20180603,000000,3198,3253,3180,3250,26701381
20180609,000000,3255,3268,3222,3235,15127234
20180610,000000,3229,3239,3165,3165,37066828
20180611,000000,3190,3196,3152,3193,29303794
20180612,000000,3196,3320,3185,3320,35889978
20180613,000000,3351,3429,3351,3429,131646682
20180617,000000,3598,3598,3521,3598,201455433
20180618,000000,3750,3777,3660,3670,165621502
20180619,000000,3700,3912,3650,3912,73433191
20180620,000000,4003,4003,3855,3880,85715572
20180623,000000,3900,3983,3831,3962,60903357
20180624,000000,3960,4096,3960,4094,213915020
20180625,000000,4200,4288,4195,4288,314465711
20180626,000000,4270,4299,4073,4170,109984278
20180627,000000,4200,4249,3984,3985,172942555
20180630,000000,4035,4145,3911,3976,98181934
20180701,000000,3940,3980,3828,3850,124521862
20180702,000000,3851,4019,3851,3998,61392817
20180703,000000,4040,4161,4003,4143,90416960
20180704,000000,4200,4210,4011,4090,57360799
20180707,000000,4097,4097,3943,3950,55146314
20180708,000000,3980,3991,3948,3962,25279568
20180710,000000,4000,4100,3972,3980,52885260
20180711,000000,3965,3968,3871,3900,43621201
20180714,000000,3930,3938,3797,3800,40962049
20180715,000000,3810,3845,3770,3844,28922585
20180716,000000,3814,3880,3801,3801,23900477
20180717,000000,3820,3820,3770,3792,59328181
20180723,000000,3641,3649,3601,3620,46456843
20180724,000000,3638,3660,3560,3598,36442057
20180725,000000,3600,3745,3591,3720,57927106
20180728,000000,3841,3841,3830,3841,54179527
20180729,000000,4033,4033,3910,4033,137902254
20180730,000000,4088,4209,4051,4209,135735293
20180731,000000,4412,4412,4412,4412,30934240
20180801,000000,4538,4538,4325,4390,192234557
20180804,000000,4389,4500,4333,4500,116527538
20180805,000000,4525,4631,4525,4631,260608113
20180806,000000,4858,4858,4701,4740,402745783
20180807,000000,4770,4970,4671,4750,157241306
20180808,000000,4830,4850,4690,4717,90041745
20180811,000000,4675,4698,4561,4640,71695309
20180812,000000,4640,4815,4600,4630,67466162
20180813,000000,4601,4610,4499,4570,69704298
20180814,000000,4541,4740,4541,4665,102268210
20180815,000000,4531,4588,4490,4560,92549493
20180818,000000,4513,4600,4463,4590,42787696
20180819,000000,4620,4738,4616,4621,33805601
20180820,000000,4711,4900,4711,4900,244672211
20180821,000000,4755,4879,4700,4805,66970452
20180825,000000,4820,4820,4591,4602,55448842
20180826,000000,4600,4900,4582,4820,47736849
20180827,000000,4880,4920,4752,4830,58561180
20180828,000000,4770,4777,4603,4670,61480035
20180829,000000,4681,4730,4589,4600,40495751
20180901,000000,4610,4650,4499,4510,56622339
20180902,000000,4530,4530,4388,4464,103793052
20180903,000000,4490,4630,4401,4630,54814083
20180904,000000,4690,4720,4590,4600,43853092
20180905,000000,4610,4669,4521,4660,34121226
20180908,000000,4641,4748,4579,4616,57656889
20180909,000000,4600,4750,4575,4749,62982378
20180910,000000,4780,4906,4780,4906,187787517
20180911,000000,5050,5148,4955,5148,156318564
20180912,000000,5373,5641,5373,5451,172289926
20180915,000000,5589,5589,5250,5290,139633614
20180916,000000,5250,5399,5130,5299,130244731
20180917,000000,5310,5380,5150,5179,84434172
20180918,000000,5140,5269,5061,5210,91126951
20180922,000000,5240,5310,5212,5240,70299892
20180923,000000,5221,5380,5221,5360,85003736
20180924,000000,5407,5573,5395,5572,80321619
20180925,000000,5700,5793,5655,5760,85867112
20180926,000000,5890,6021,5794,5950,112523240
20180929,000000,6190,6190,5921,6149,102834373
20180930,000000,6195,6335,6149,6335,182219733
20181001,000000,6630,6630,6202,6400,160615000
20181002,000000,6440,6440,6206,6206,154749494
20181003,000000,5975,6299,5975,6240,87423553
20181006,000000,6140,6412,5833,5834,127612924
20181007,000000,5820,5996,5697,5697,310558307
20181008,000000,5690,6017,5690,6015,113145358
20181009,000000,6100,6158,6051,6099,88145190
20181010,000000,6190,6223,6079,6148,56024305
20181013,000000,6185,6228,5839,5900,70783678
20181014,000000,5941,6100,5920,6040,13177269
20181015,000000,6055,6265,6055,6265,73910186
20181016,000000,6300,6355,6196,6230,56808663
20181017,000000,6022,6350,6000,6327,261402007
20181020,000000,6262,6444,6261,6339,43794197
20181021,000000,6350,6400,6227,6270,54366087
20181022,000000,6310,6310,6100,6294,47657657
20181023,000000,6219,6219,5990,6093,52001112
20181024,000000,6100,6100,5902,5970,34089940
20181027,000000,5989,6100,5880,5891,35149678
20181028,000000,5950,5990,5936,5980,37834030
20181029,000000,6000,6070,5957,5957,30971786
20181031,000000,6000,6050,5920,5948,36752008
20181103,000000,5950,5997,5816,5821,56658338
20181104,000000,5900,5950,5805,5825,21867703
20181105,000000,5885,5930,5855,5900,26827123
20181106,000000,5914,5950,5850,5858,30046385
20181110,000000,5880,5910,5752,5770,30256007
20181111,000000,5845,5845,5602,5702,25440054
20181112,000000,5749,5794,5733,5760,21602310
20181113,000000,5840,5880,5769,5769,20790448
20181114,000000,5822,5849,5754,5780,29923111
20181117,000000,5780,5798,5515,5522,31532894
20181118,000000,5551,5555,5369,5498,46235249
20181119,000000,5490,5568,5447,5501,18366446
20181120,000000,5500,5599,5500,5541,12540723
20181121,000000,5471,5588,5437,5443,16518250
20181124,000000,5409,5440,5213,5213,13181961
20181126,000000,5135,5290,5120,5200,63842374
20181127,000000,5243,5350,5195,5220,14317226
20181128,000000,5235,5241,4989,5030,39017983
20181201,000000,4990,4999,4793,4910,97731978
20181202,000000,4950,5118,4950,5118,44025493
20181203,000000,5250,5337,5151,5289,21261740
20181204,000000,5369,5369,5121,5259,32946474
20181205,000000,5200,5330,5171,5267,20283154
20181208,000000,5270,5275,5145,5175,18571155
20181209,000000,5170,5240,5090,5139,17183553
20181210,000000,5152,5190,5120,5140,14530523
20181211,000000,5170,5180,5061,5072,15722071
20181212,000000,5000,5130,4950,5010,23209204
20181215,000000,5048,5060,4960,4982,12695652
20181216,000000,4973,4980,4840,4880,21015445
20181217,000000,4820,4987,4669,4700,44353159
20181218,000000,4778,4790,4644,4669,23724471
20181219,000000,4601,4697,4509,4564,28495309
20181222,000000,4580,4580,4540,4560,15057314
20181223,000000,4603,4781,4602,4760,22353014
20181224,000000,4860,4861,4755,4780,22634085
20181225,000000,4806,4848,4700,4730,14096584
20181226,000000,4780,4880,4740,4816,25537182
20181229,000000,4804,5000,4796,4941,16171412
20181230,000000,4921,4957,4891,4900,13595634
20181231,000000,4915,4940,4830,4830,13372959
20190101,000000,4889,4897,4761,4770,11009272
20190102,000000,4715,4887,4645,4690,19906632
20190105,000000,4786,4786,4670,4670,9196638
20190106,000000,4645,4789,4645,4718,11815119
20190107,000000,4759,4899,4710,4799,16106344
20190108,000000,4810,4930,4807,4900,19539442
20190109,000000,4921,4995,4920,4940,10264412
20190112,000000,4951,4970,4889,4910,7904697
20190113,000000,4853,5053,4853,4973,24499175
20190114,000000,5029,5083,4999,5018,13556723
20190115,000000,5033,5140,5033,5120,18344147
20190116,000000,5125,5137,5084,5110,19451360
20190119,000000,5109,5117,5087,5107,10085060
20190120,000000,5070,5103,4977,5030,14968653
20190121,000000,5004,5100,4906,4973,22530670
20190122,000000,4995,5032,4968,4979,9383440
20190123,000000,5005,5079,4921,4930,13660741
20190126,000000,4999,4999,4880,4900,9263104
20190127,000000,4899,4899,4733,4749,22111859
20190128,000000,4850,4874,4725,4745,10430587
20190129,000000,4720,4849,4720,4799,11899865
20190130,000000,4900,4919,4840,4865,11298814
20190202,000000,4908,4920,4790,4800,7118939
20190203,000000,4850,4898,4726,4820,19919186
20190204,000000,4801,4900,4792,4849,11636611
20190205,000000,4800,4980,4800,4950,25499269
20190206,000000,4950,4950,4889,4930,16688733
20190210,000000,4929,4985,4872,4875,9657438
20190212,000000,4920,4950,4866,4880,14448155
20190220,000000,3010,3120,3010,3110,137718369
20190223,000000,3168,3198,3148,3198,201549362
20190224,000000,3251,3275,3180,3229,89210761
20190225,000000,3251,3379,3251,3337,65568770
20190226,000000,3270,3330,3230,3257,42152442
20190227,000000,3250,3294,3235,3235,29809873
20190302,000000,3268,3270,3159,3160,30955210
20190303,000000,3158,3188,3131,3167,32356501
20190304,000000,3166,3204,3150,3152,29182731
20190305,000000,3160,3170,3110,3150,26497564
20190306,000000,3141,3198,3136,3169,33367510
20190309,000000,3149,3160,3121,3136,26631513
20190310,000000,3130,3282,3121,3238,63700618
20190311,000000,3245,3366,3245,3300,128488094
20190312,000000,3364,3444,3310,3418,53047535
20190313,000000,3428,3525,3370,3405,80902768
20190316,000000,3435,3496,3400,3460,37889433
20190317,000000,3475,3475,3402,3412,41393814
20190318,000000,3439,3530,3415,3470,44997647
20190319,000000,3497,3541,3480,3519,47425139
20190325,000000,3530,3531,3497,3500,28121230
20190326,000000,3516,3519,3480,3519,18896498
20190327,000000,3528,3586,3500,3583,23757584
20190330,000000,3605,3730,3605,3700,47453747
20190331,000000,3700,3732,3611,3670,28159704
20190406,000000,3671,3683,3621,3675,23433538
20190407,000000,3673,3770,3670,3700,37421159
20190408,000000,3653,3761,3593,3724,80089704
20190409,000000,3720,3798,3699,3782,95166991
20190410,000000,3820,3943,3800,3943,195084157
20190413,000000,4000,4000,3880,3891,58430145
20190414,000000,3885,3959,3870,3940,48980107
20190415,000000,3957,4095,3951,4050,84106222
20190416,000000,4050,4062,3950,3965,75869278
20190417,000000,3951,4010,3921,3969,43966566
20190420,000000,3999,4020,3980,4006,52190645
20190422,000000,4024,4050,3943,3950,55150517
20190423,000000,3922,4000,3922,3954,38052018
20190424,000000,3994,4020,3962,4012,43630592
20190427,000000,3986,4027,3970,4026,37091902
20190428,000000,4040,4149,4040,4120,66816031
20190429,000000,4108,4312,4108,4312,205588050
20190430,000000,4420,4430,4240,4329,61597932
20190501,000000,4295,4444,4290,4408,44306231
20190504,000000,4410,4550,4401,4503,58207882
20190505,000000,4600,4600,4350,4436,64536009
20190506,000000,4443,4444,4275,4275,143365604
20190507,000000,4250,4330,4100,4285,86917031
20190508,000000,4250,4389,4233,4368,66752568
20190511,000000,4209,4340,4127,4180,72487944
20190512,000000,4110,4250,4019,4174,54223782
20190513,000000,4170,4276,4170,4249,31581771
20190514,000000,4250,4340,4221,4230,36115999
20190515,000000,4250,4300,4211,4231,22185485
20190518,000000,4250,4261,4120,4151,27782110
20190519,000000,4130,4200,4122,4171,34848004
20190520,000000,4150,4249,4150,4188,33957022
20190521,000000,4200,4352,4200,4295,45369223
20190522,000000,4296,4333,4250,4274,17685100
20190525,000000,4219,4299,4219,4259,17147374
20190526,000000,4250,4329,4250,4255,30832557
20190528,000000,4400,4502,4400,4502,190310337
20190529,000000,4565,4565,4451,4470,30665657
